country	field	a	b	source
US	name	health	healthy	train
US	name	harbor	harbors	train
US	name	development	developments	train
US	name	corner	corners	train
US	name	textile	textiles	train
US	name	green	greene	train
US	name	wood	woods	train
US	name	energy	entergy	train
US	name	atlantic	atlanticus	train
US	name	resolution	solution	train
US	name	williams	williamson	train
US	name	johnson	johnston	train
US	name	media	medina	train
US	name	back	black	train
US	name	alley	valley	train
US	name	fortune	fortunex	train
US	name	farmer	farmers	train
US	name	home	homes	train
US	name	park	parks	train
US	name	park	spark	train
US	name	arts	parts	train
US	name	associated	associates	train
US	name	walters	waters	train
US	name	renewable	renewables	train
US	name	holding	holdings	train
US	name	truist	trust	train
US	name	john	johns	train
US	name	australia	australian	train
US	name	rock	rocky	train
US	name	metal	metals	train
US	name	richard	richards	train
US	name	hayes	haynes	train
US	name	biotechnologies	technologies	train
US	name	aspac	spac	train
US	name	machine	machines	train
US	name	chen	cohen	train
US	name	cross	ross	train
US	name	hill	hills	train
US	name	water	waters	train
US	name	chain	chan	train
US	name	fernandez	hernandez	train
US	name	asset	assets	train
US	name	baker	bakery	train
US	name	baker	barker	train
US	name	market	markets	train
US	name	investment	investments	train
US	name	bancorporation	corporation	train
US	name	acosta	costa	train
US	name	banc	banco	train
US	name	electric	electronic	train
US	name	electric	electrical	train
US	name	macdonald	mcdonald	train
US	name	hart	heart	train
US	name	biopharmaceuticals	pharmaceuticals	train
US	name	power	powers	train
US	name	biotherapeutics	therapeutics	train
US	name	spac	space	train
US	name	richards	richardson	train
US	name	nexera	nextera	train
US	name	generating	generation	train
US	name	aria	arias	train
US	name	bancshares	bankshares	train
US	name	bridge	ridge	train
US	name	enterprise	enterprises	train
US	name	river	rivera	train
US	name	orange	range	train
US	name	acres	ares	train
US	name	price	rice	train
US	name	invest	winvest	train
US	name	arbor	harbor	train
US	name	estate	state	train
US	name	earth	earths	train
US	name	steel	steele	train
US	name	dcmdpc	dmdpc	train
US	name	apartment	apartments	train
US	name	alpex	apex	train
US	name	aviation	navigation	train
US	name	adamas	adams	train
US	name	spring	springs	train
US	name	gardner	garner	train
US	name	america	american	train
US	name	america	americas	train
US	name	holmes	homes	train
US	name	globa	global	train
US	name	dmdpc	mdmdpc	train
US	name	tokyo	toyo	train
US	name	aegon	aeon	train
US	name	esports	sports	train
US	name	kelley	kelly	train
US	name	bioscience	biosciences	train
US	name	pharmaceutical	pharmaceuticals	train
US	name	municipal	municipals	train
US	name	gross	ross	train
US	name	sanders	saunders	train
US	name	carlson	carson	train
US	name	lowe	lower	train
US	name	wolf	wolfe	train
US	name	meyers	myers	train
US	name	bank	banks	train
US	name	resource	resources	train
US	name	prime	proem	train
US	name	main	money	train
US	name	main	mann	train
US	name	mann	money	train
US	name	moore	murray	train
US	name	meyer	moore	train
US	name	meyer	murray	train
US	name	scott	society	train
US	name	scuti	society	train
US	name	scott	scuti	train
US	name	reed	road	train
US	name	ready	road	train
US	name	rate	road	train
US	name	reit	road	train
US	name	ready	reed	train
US	name	rate	reed	train
US	name	reed	reit	train
US	name	rate	ready	train
US	name	ready	reit	train
US	name	rate	reit	train
US	name	real	royal	train
US	name	rail	royal	train
US	name	rail	real	train
US	name	harbor	harper	train
US	name	center	cinder	train
US	name	cantor	cinder	train
US	name	century	cinder	train
US	name	centre	cinder	train
US	name	cantor	century	train
US	name	cantor	centre	train
US	name	centre	century	train
US	name	keen	quinn	train
US	name	battery	better	train
US	name	better	potter	train
US	name	battery	potter	train
US	name	star	store	train
US	name	star	starry	train
US	name	starry	store	train
US	name	rice	royce	train
US	name	rice	rocha	train
US	name	rocha	royce	train
US	name	velos	wells	train
US	name	wells	willis	train
US	name	velos	willis	train
US	name	cordova	creative	train
US	name	state	studio	train
US	name	grand	granite	train
US	name	grand	guaranty	train
US	name	grand	grant	train
US	name	granite	guaranty	train
US	name	granite	grant	train
US	name	grant	guaranty	train
US	name	guild	quality	train
US	name	gold	quality	train
US	name	galata	quality	train
US	name	gold	guild	train
US	name	galata	guild	train
US	name	galata	gold	train
US	name	charities	curtis	train
US	name	care	cherry	train
US	name	care	carr	train
US	name	cherry	cure	train
US	name	core	cure	train
US	name	carr	cure	train
US	name	cherry	core	train
US	name	carr	cherry	train
US	name	carr	core	train
US	name	aria	arrow	train
US	name	aria	array	train
US	name	array	arrow	train
US	name	miles	mills	train
US	name	medical	mitchell	train
US	name	metro	motor	train
US	name	ember	empire	train
US	name	reyes	ross	train
US	name	reyes	rose	train
US	name	reyes	rush	train
US	name	reyes	rios	train
US	name	ross	rush	train
US	name	rios	ross	train
US	name	rose	rush	train
US	name	rios	rose	train
US	name	rios	rush	train
US	name	elite	elliott	train
US	name	audio	auto	train
US	name	christ	crest	train
US	name	group	grupo	train
US	name	shreya	sierra	train
US	name	shore	sierra	train
US	name	shore	shreya	train
US	name	braemar	primary	train
US	name	choice	coca	train
US	name	bailey	blue	train
US	name	bell	blue	train
US	name	blue	powell	train
US	name	blue	paul	train
US	name	bailey	bell	train
US	name	bailey	powell	train
US	name	bailey	paul	train
US	name	bell	powell	train
US	name	bell	paul	train
US	name	paul	powell	train
US	name	states	studios	train
US	name	casey	chase	train
US	name	bureau	perry	train
US	name	bureau	power	train
US	name	berry	bureau	train
US	name	bauer	bureau	train
US	name	perry	power	train
US	name	berry	perry	train
US	name	bauer	perry	train
US	name	berry	power	train
US	name	bauer	power	train
US	name	bauer	berry	train
US	name	beach	peace	train
US	name	place	pllc	train
US	name	realty	royalty	train
US	name	monte	mount	train
US	name	duran	tran	train
US	name	dawson	division	train
US	name	compania	company	train
US	name	bike	peak	train
US	name	book	peak	train
US	name	back	peak	train
US	name	page	peak	train
US	name	bike	book	train
US	name	back	bike	train
US	name	bike	page	train
US	name	back	book	train
US	name	book	page	train
US	name	back	page	train
US	name	apollo	apple	train
US	name	wood	wyatt	train
US	name	energia	energy	train
US	name	safety	seafood	train
US	name	legato	light	train
US	name	legged	light	train
US	name	legato	legged	train
US	name	food	foot	train
US	name	foot	ftai	train
US	name	food	ftai	train
US	name	angel	ankle	train
US	name	bennett	point	train
US	name	bond	point	train
US	name	beyond	point	train
US	name	bennett	bond	train
US	name	bennett	beyond	train
US	name	beyond	bond	train
US	name	patterson	peterson	train
US	name	giant	kennedy	train
US	name	fashion	fusion	train
US	name	mendez	mendoza	train
US	name	calderon	children	train
US	name	data	tattoo	train
US	name	best	post	train
US	name	smith	summit	train
US	name	black	block	train
US	name	dollar	taylor	train
US	name	churchill	circle	train
US	name	valley	value	train
US	name	valley	willow	train
US	name	valley	wall	train
US	name	valley	villa	train
US	name	value	willow	train
US	name	value	wall	train
US	name	value	villa	train
US	name	wall	willow	train
US	name	villa	willow	train
US	name	villa	wall	train
US	name	clayton	coalition	train
US	name	cola	cole	train
US	name	chile	cole	train
US	name	cell	cole	train
US	name	chile	cola	train
US	name	cell	cola	train
US	name	cell	chile	train
US	name	canada	county	train
US	name	castillo	coastal	train
US	name	allied	alto	train
US	name	frontier	furniture	train
US	name	flores	flowers	train
US	name	martin	meridian	train
US	name	cafe	coffee	train
US	name	breeze	perez	train
US	name	hair	hour	train
US	name	lane	lion	train
US	name	lane	line	train
US	name	lane	loan	train
US	name	lane	luna	train
US	name	line	lion	train
US	name	lion	loan	train
US	name	lion	luna	train
US	name	line	loan	train
US	name	line	luna	train
US	name	loan	luna	train
US	name	duke	tokyo	train
US	name	dent	tinto	train
US	name	series	sirius	train
US	name	lang	long	train
US	name	clough	college	train
US	name	canary	conner	train
US	name	maid	media	train
US	name	made	media	train
US	name	made	maid	train
US	name	valencia	valuence	train
US	name	mercer	mercury	train
US	name	deleon	talon	train
US	name	ford	fort	train
US	name	school	social	train
US	name	alley	ayala	train
US	name	steers	stores	train
US	name	great	growth	train
US	name	great	grid	train
US	name	grade	great	train
US	name	garrett	great	train
US	name	grid	growth	train
US	name	grade	growth	train
US	name	garrett	growth	train
US	name	grade	grid	train
US	name	garrett	grid	train
US	name	garrett	grade	train
US	name	ship	shop	train
US	name	idea	youth	train
US	name	dave	tavia	train
US	name	starlink	sterling	train
US	name	starling	sterling	train
US	name	starling	starlink	train
US	name	mason	mission	train
US	name	reeves	rivas	train
US	name	spire	super	train
US	name	shanghai	singh	train
US	name	vaneck	wang	train
US	name	seas	suisse	train
US	name	seas	sosa	train
US	name	sosa	suisse	train
US	name	mellon	miluna	train
US	name	mellon	molina	train
US	name	malone	mellon	train
US	name	miluna	molina	train
US	name	malone	miluna	train
US	name	malone	molina	train
US	name	berto	board	train
US	name	board	bread	train
US	name	barrett	board	train
US	name	board	byrd	train
US	name	berto	bread	train
US	name	barrett	berto	train
US	name	berto	byrd	train
US	name	barrett	bread	train
US	name	bread	byrd	train
US	name	barrett	byrd	train
US	name	bakery	becker	train
US	name	baker	becker	train
US	name	beth	body	train
US	name	beauty	body	train
US	name	body	booth	train
US	name	beth	boyd	train
US	name	beauty	beth	train
US	name	beth	booth	train
US	name	beauty	boyd	train
US	name	booth	boyd	train
US	name	beauty	booth	train
US	name	wallace	wilco	train
US	name	wallace	welch	train
US	name	welch	wilco	train
US	name	lower	lyra	train
US	name	lara	lower	train
US	name	lara	lyra	train
US	name	ballard	pollard	train
US	name	helios	hills	train
US	name	chiron	crane	train
US	name	crane	crown	train
US	name	chiron	crown	train
US	name	dime	dome	train
US	name	barrera	prairie	train
US	name	gores	gross	train
US	name	burke	park	train
US	name	borough	park	train
US	name	borough	burke	train
US	name	yang	young	train
US	name	brand	bryant	train
US	name	duration	triton	train
US	name	garcia	grace	train
US	name	morris	myers	train
US	name	marsh	myers	train
US	name	meyers	morris	train
US	name	marsh	morris	train
US	name	marsh	meyers	train
US	name	dorsey	torres	train
US	name	melar	miller	train
US	name	birch	price	train
US	name	pierce	price	train
US	name	bruce	price	train
US	name	birch	pierce	train
US	name	birch	bruce	train
US	name	bruce	pierce	train
US	name	cargo	craig	train
US	name	research	resource	train
US	name	good	quetta	train
US	name	vista	west	train
US	name	waste	west	train
US	name	vista	waste	train
US	name	paloma	plum	train
US	name	deli	doyle	train
US	name	navios	news	train
US	name	tire	tree	train
US	name	tire	tower	train
US	name	terra	tire	train
US	name	thayer	tire	train
US	name	tower	tree	train
US	name	terra	tree	train
US	name	thayer	tree	train
US	name	terra	tower	train
US	name	thayer	tower	train
US	name	terra	thayer	train
US	name	harris	horse	train
US	name	saint	sound	train
US	name	heart	howard	train
US	name	hardy	heart	train
US	name	hart	howard	train
US	name	hardy	howard	train
US	name	hardy	hart	train
US	name	china	cion	train
US	name	chain	china	train
US	name	chen	china	train
US	name	chan	china	train
US	name	chain	cion	train
US	name	chen	cion	train
US	name	chan	cion	train
US	name	chain	chen	train
US	name	chan	chen	train
US	name	fargo	forge	train
US	name	league	lucky	train
US	name	lake	league	train
US	name	lake	lucky	train
US	name	diana	town	train
US	name	dunn	town	train
US	name	dean	town	train
US	name	diana	dunn	train
US	name	dean	diana	train
US	name	dean	dunn	train
US	name	bain	pono	train
US	name	bain	payne	train
US	name	bain	pony	train
US	name	bain	pena	train
US	name	payne	pono	train
US	name	pono	pony	train
US	name	pena	pono	train
US	name	payne	pony	train
US	name	payne	pena	train
US	name	pena	pony	train
US	name	metal	mutual	train
US	name	hansen	hanson	train
US	name	hayes	house	train
US	name	ares	arias	train
US	name	marine	moreno	train
US	name	garden	guardian	train
US	name	garden	gordon	train
US	name	gordon	guardian	train
US	name	aberdeen	abrdn	train
US	name	bastion	boston	train
US	name	gamco	kimco	train
US	name	hall	hill	train
US	name	hill	holy	train
US	name	hill	howell	train
US	name	hail	hill	train
US	name	hall	holy	train
US	name	hall	howell	train
US	name	holy	howell	train
US	name	hail	holy	train
US	name	hail	howell	train
US	name	olsen	olson	train
US	name	burtech	produce	train
US	name	brooks	parks	train
US	name	bioworks	parks	train
US	name	bioworks	brooks	train
US	name	view	wave	train
US	name	campos	compass	train
US	name	carrillo	carroll	train
US	name	verde	ward	train
US	name	ward	worth	train
US	name	verde	worth	train
US	name	cable	chapel	train
US	name	chapel	copley	train
US	name	cable	copley	train
US	name	cedar	couture	train
US	name	barnes	burns	train
US	name	siddhi	south	train
US	name	soto	south	train
US	name	siddhi	soto	train
US	name	jena	zion	train
US	name	watts	woods	train
US	name	fowler	fuller	train
US	name	lease	louis	train
US	name	mesa	moss	train
US	name	cbre	cooper	train
US	name	cooper	cyber	train
US	name	cooper	copper	train
US	name	cbre	cyber	train
US	name	cbre	copper	train
US	name	copper	cyber	train
US	name	slate	solid	train
US	name	rain	ryan	train
US	name	viii	voya	train
US	name	stag	stock	train
US	name	sanayi	snow	train
US	name	snow	sony	train
US	name	sanayi	sony	train
US	name	joint	zenith	train
US	name	haynes	hennessy	train
US	name	hennessy	hines	train
US	name	haynes	hines	train
US	name	payroll	pearl	train
US	name	boral	payroll	train
US	name	boral	pearl	train
US	name	taiwan	twin	train
US	name	salon	solana	train
US	name	british	parts	train
US	name	athena	athene	train
US	name	serrano	soren	train
US	name	stone	sutton	train
US	name	barker	parker	train
US	name	falls	fuels	train
US	name	bates	potts	train
US	name	shelton	solution	train
US	name	launch	lynch	train
US	name	bass	bush	train
US	name	sales	solis	train
US	name	salas	solis	train
US	name	dmdpc	domdpc	train
US	name	greer	guerrero	train
US	addr	sand	sandy	train
US	addr	hebron	heron	train
US	addr	greeneville	greenville	train
US	addr	unit	unity	train
US	addr	town	towne	train
US	addr	arbor	harbor	train
US	addr	grand	grande	train
US	addr	sylva	sylvan	train
US	addr	arlington	darlington	train
US	addr	green	greene	train
US	addr	green	greens	train
US	addr	state	staten	train
US	addr	fork	forks	train
US	addr	eagle	eagles	train
US	addr	farm	farms	train
US	addr	orange	range	train
US	addr	edmond	redmond	train
US	addr	edmond	edmonds	train
US	addr	township	ttownship	train
US	addr	township	towwnship	train
US	addr	queen	queens	train
US	addr	anne	annex	train
US	addr	shore	shores	train
US	addr	camp	campo	train
US	addr	annapolis	kannapolis	train
US	addr	grange	granger	train
US	addr	trail	trails	train
US	addr	william	williams	train
US	addr	point	pointe	train
US	addr	river	rivers	train
US	addr	sage	stage	train
US	addr	winston	winton	train
US	addr	louis	louise	train
US	addr	louis	louisa	train
US	addr	columbia	columbiana	train
US	addr	covington	lovington	train
US	addr	forest	forrest	train
US	addr	harbor	harbour	train
US	addr	cross	crosse	train
US	addr	cross	ross	train
US	addr	heritage	hermitage	train
US	addr	preserve	reserve	train
US	addr	port	porte	train
US	addr	centerville	centreville	train
US	addr	andrew	andrews	train
US	addr	brook	brooks	train
US	addr	fisher	fishers	train
US	addr	harmon	harmony	train
US	addr	rosemont	rosemount	train
US	addr	wind	windy	train
US	addr	preston	reston	train
US	addr	hatfield	wheatfield	train
US	addr	wall	walla	train
US	addr	wood	woods	train
US	addr	inwood	linwood	train
US	addr	field	fields	train
US	addr	cortland	cortlandt	train
US	addr	olive	oliver	train
US	addr	gate	gates	train
US	addr	janesville	zanesville	train
US	addr	williams	williamson	train
US	addr	sanford	stanford	train
US	addr	richland	richlands	train
US	addr	indian	indiana	train
US	addr	ellicott	elliott	train
US	addr	clayton	layton	train
US	addr	garden	gardens	train
US	addr	huntersville	huntsville	train
US	addr	edgewood	wedgewood	train
US	addr	milwaukee	milwaukie	train
US	addr	king	kings	train
US	addr	staunton	taunton	train
US	addr	pine	pines	train
US	addr	pine	piney	train
US	addr	water	waters	train
US	addr	waterford	weatherford	train
US	addr	charleston	charlestown	train
US	addr	johnson	johnston	train
US	addr	country	county	train
US	addr	morganton	morgantown	train
US	addr	asheville	nashville	train
US	addr	kingston	kinston	train
US	addr	grant	grants	train
US	addr	brown	browns	train
US	addr	vale	valle	train
US	addr	stone	stoney	train
US	addr	john	johns	train
US	addr	airy	dairy	train
US	addr	amarillo	camarillo	train
US	addr	elizabethton	elizabethtown	train
US	addr	easton	eaton	train
US	addr	leander	oleander	train
US	addr	bell	belle	train
US	addr	bell	bella	train
US	addr	bluff	bluffs	train
US	addr	hillsboro	millsboro	train
US	addr	miller	millers	train
US	addr	osage	sage	train
US	addr	live	olive	train
US	addr	flower	lower	train
US	addr	renton	trenton	train
US	addr	pikeville	pineville	train
US	addr	clark	lark	train
US	addr	ground	round	train
US	addr	carter	charter	train
US	addr	hall	halls	train
US	addr	frankford	frankfort	train
US	addr	moses	moss	train
US	addr	mile	miles	train
US	addr	dove	dover	train
US	addr	bryan	bryant	train
US	addr	bryan	ryan	train
US	addr	mary	marys	train
US	addr	alto	alton	train
US	addr	riley	ripley	train
US	addr	marysville	maryville	train
US	addr	peak	peaks	train
US	addr	elmwood	elwood	train
US	addr	robert	roberts	train
US	addr	mist	misty	train
US	addr	pikesville	pikeville	train
US	addr	edward	edwards	train
US	addr	stanton	staunton	train
US	addr	ames	james	train
US	addr	middleton	middletown	train
US	addr	fairmont	fairmount	train
US	addr	cond	condo	train
US	addr	morristown	norristown	train
US	addr	hunter	hunters	train
US	addr	harrisburg	harrisonburg	train
US	addr	gardner	garner	train
US	addr	arden	garden	train
US	addr	williamson	williamstown	train
US	addr	minot	mint	train
US	addr	maine	marine	train
US	addr	maine	mine	train
US	addr	edina	medina	train
US	addr	hampstead	hempstead	train
US	addr	lemon	lemont	train
US	addr	lemon	leon	train
US	addr	denton	odenton	train
US	addr	southeast	southwest	train
US	addr	paseo	paso	train
US	addr	enfield	penfield	train
US	addr	corner	corners	train
US	addr	fresno	fresnos	train
US	addr	brush	bush	train
US	addr	brush	rush	train
US	addr	woodbridge	woodridge	train
US	addr	edge	ledge	train
US	addr	marie	marine	train
US	addr	painesville	pineville	train
US	addr	flat	flats	train
US	addr	price	prince	train
US	addr	price	rice	train
US	addr	morrison	morristown	train
US	addr	porte	porter	train
US	addr	gainesville	painesville	train
US	addr	carl	carol	train
US	addr	lillington	millington	train
US	addr	alton	walton	train
US	addr	alton	dalton	train
US	addr	stoney	stony	train
US	addr	gardiner	gardner	train
US	addr	victor	victory	train
US	addr	greenbriar	greenbrier	train
US	addr	case	chase	train
US	addr	site	suite	train
US	addr	barton	baton	train
US	addr	northeast	northwest	train
US	addr	tonship	township	train
US	addr	tonship	tonwship	train
US	addr	towship	towsnhip	train
US	addr	ownship	township	train
US	addr	tonwship	towship	train
US	addr	townshp	townsihp	train
US	addr	towwnship	ttownship	train
US	addr	townnship	township	train
US	addr	townnship	ttownship	train
US	addr	toownship	township	train
US	addr	toownship	ttownship	train
US	addr	townsship	ttownship	train
US	addr	road	route	train
US	addr	reed	road	train
US	addr	reed	route	train
US	addr	roda	route	train
US	addr	raod	route	train
US	addr	reed	roda	train
US	addr	raod	reed	train
US	addr	raod	roda	train
US	addr	avenue	avon	train
US	addr	citty	ciyt	train
US	addr	ciity	citty	train
US	addr	citty	ctiy	train
US	addr	ciity	ciyt	train
US	addr	ciyt	ctiy	train
US	addr	ciity	ctiy	train
US	addr	churchill	circle	train
US	addr	beach	beech	train
US	addr	beach	peach	train
US	addr	beach	peace	train
US	addr	beech	peach	train
US	addr	beech	peace	train
US	addr	peace	peach	train
US	addr	saint	santa	train
US	addr	saint	sand	train
US	addr	sandy	santa	train
US	addr	sand	santa	train
US	addr	kennedy	kent	train
US	addr	stret	stuart	train
US	addr	fairway	freeway	train
US	addr	hoffman	huffman	train
US	addr	brush	paris	train
US	addr	lane	lynn	train
US	addr	lane	linn	train
US	addr	line	lynn	train
US	addr	lone	lynn	train
US	addr	linn	lynn	train
US	addr	line	lone	train
US	addr	line	linn	train
US	addr	linn	lone	train
US	addr	granville	greenville	train
US	addr	granville	greeneville	train
US	addr	salado	salt	train
US	addr	lake	league	train
US	addr	lake	lick	train
US	addr	league	lick	train
US	addr	dunn	town	train
US	addr	dean	town	train
US	addr	dean	dunn	train
US	addr	dunn	towne	train
US	addr	dean	towne	train
US	addr	rose	ross	train
US	addr	rose	rush	train
US	addr	rosa	rose	train
US	addr	ross	royse	train
US	addr	ross	rush	train
US	addr	rosa	ross	train
US	addr	royse	rush	train
US	addr	rosa	royse	train
US	addr	rosa	rush	train
US	addr	valley	willow	train
US	addr	valley	villa	train
US	addr	valley	walla	train
US	addr	villa	willow	train
US	addr	walla	willow	train
US	addr	valle	willow	train
US	addr	villa	walla	train
US	addr	valle	villa	train
US	addr	valle	walla	train
US	addr	alton	altoona	train
US	addr	ventura	winter	train
US	addr	brookline	brooklyn	train
US	addr	brook	park	train
US	addr	borough	park	train
US	addr	burke	park	train
US	addr	borough	brook	train
US	addr	brook	burke	train
US	addr	borough	burke	train
US	addr	vista	west	train
US	addr	main	moon	train
US	addr	main	mine	train
US	addr	maine	moon	train
US	addr	mine	moon	train
US	addr	grand	granite	train
US	addr	grand	ground	train
US	addr	grande	grant	train
US	addr	granite	grant	train
US	addr	grant	ground	train
US	addr	grande	granite	train
US	addr	grande	ground	train
US	addr	granite	ground	train
US	addr	branch	prince	train
US	addr	gate	katy	train
US	addr	green	gurnee	train
US	addr	greene	gurnee	train
US	addr	maple	mobile	train
US	addr	hampden	hampton	train
US	addr	cary	cherry	train
US	addr	condo	county	train
US	addr	cond	county	train
US	addr	salem	selma	train
US	addr	salem	siloam	train
US	addr	selma	siloam	train
US	addr	abingdon	abington	train
US	addr	blue	paul	train
US	addr	bell	paul	train
US	addr	paul	powell	train
US	addr	belle	paul	train
US	addr	bell	blue	train
US	addr	blue	powell	train
US	addr	belle	blue	train
US	addr	bell	powell	train
US	addr	belle	powell	train
US	addr	fargo	fork	train
US	addr	forge	fork	train
US	addr	fargo	forge	train
US	addr	marana	marion	train
US	addr	marion	merion	train
US	addr	marianna	marion	train
US	addr	marine	marion	train
US	addr	marana	merion	train
US	addr	marana	marianna	train
US	addr	marana	marine	train
US	addr	marianna	merion	train
US	addr	marine	merion	train
US	addr	marianna	marine	train
US	addr	cherokee	creek	train
US	addr	carriage	creek	train
US	addr	carriage	cherokee	train
US	addr	columbiana	columbine	train
US	addr	market	marquette	train
US	addr	dalton	tualatin	train
US	addr	marsh	morris	train
US	addr	marys	morris	train
US	addr	marsh	marys	train
US	addr	hill	hollow	train
US	addr	hill	holly	train
US	addr	hall	hill	train
US	addr	hill	hull	train
US	addr	hollow	holly	train
US	addr	hall	hollow	train
US	addr	hollow	hull	train
US	addr	hall	holly	train
US	addr	holly	hull	train
US	addr	hall	hull	train
US	addr	mesa	moss	train
US	addr	township	townshp	train
US	addr	tonship	townshp	train
US	addr	townshp	ttownship	train
US	addr	tonship	ttownship	train
US	addr	magna	mckinney	train
US	addr	mckinney	mequon	train
US	addr	magna	mequon	train
US	addr	central	centralia	train
US	addr	eagan	eugene	train
US	addr	star	store	train
US	addr	rock	rouge	train
US	addr	rocky	rouge	train
US	addr	boston	pasadena	train
US	addr	field	flat	train
US	addr	field	floyd	train
US	addr	flat	floyd	train
US	addr	medina	methuen	train
US	addr	maiden	medina	train
US	addr	maiden	methuen	train
US	addr	kenai	queen	train
US	addr	anna	anne	train
US	addr	shore	sierra	train
US	addr	bend	point	train
US	addr	point	pond	train
US	addr	bennett	point	train
US	addr	bend	pond	train
US	addr	bend	pointe	train
US	addr	bend	bennett	train
US	addr	pointe	pond	train
US	addr	bennett	pond	train
US	addr	bennett	pointe	train
US	addr	maryland	moreland	train
US	addr	sunnyside	sunset	train
US	addr	george	georgia	train
US	addr	glen	killeen	train
US	addr	galena	glen	train
US	addr	galena	killeen	train
US	addr	glenn	killeen	train
US	addr	galena	glenn	train
US	addr	gillette	gold	train
US	addr	glade	gold	train
US	addr	gilead	gold	train
US	addr	gillette	glade	train
US	addr	gilead	gillette	train
US	addr	gilead	glade	train
US	addr	village	walk	train
US	addr	bolivar	plover	train
US	addr	terrell	trail	train
US	addr	saddle	seattle	train
US	addr	seattle	steele	train
US	addr	saddle	steele	train
US	addr	dallas	tulsa	train
US	addr	wells	willis	train
US	addr	wells	wills	train
US	addr	havre	hoover	train
US	addr	heron	huron	train
US	addr	heron	horn	train
US	addr	horn	huron	train
US	addr	ford	fort	train
US	addr	vine	wayne	train
US	addr	vienna	wayne	train
US	addr	vienna	vine	train
US	addr	cheyenne	chino	train
US	addr	chino	coon	train
US	addr	caney	chino	train
US	addr	cheyenne	coon	train
US	addr	caney	cheyenne	train
US	addr	caney	coon	train
US	addr	revere	river	train
US	addr	river	riviera	train
US	addr	revere	riviera	train
US	addr	salina	solon	train
US	addr	home	houma	train
US	addr	sage	sauk	train
US	addr	verde	worth	train
US	addr	ward	worth	train
US	addr	verde	ward	train
US	addr	louisa	louise	train
US	addr	louisa	luis	train
US	addr	lois	louisa	train
US	addr	louise	luis	train
US	addr	lois	louise	train
US	addr	lois	luis	train
US	addr	raven	ravenna	train
US	addr	raven	ravine	train
US	addr	ravenna	ravine	train
US	addr	fair	ferry	train
US	addr	ferry	fire	train
US	addr	fair	fire	train
US	addr	staten	station	train
US	addr	brown	buren	train
US	addr	brown	burnie	train
US	addr	bern	brown	train
US	addr	brown	byron	train
US	addr	buren	burnie	train
US	addr	bern	buren	train
US	addr	buren	byron	train
US	addr	bern	burnie	train
US	addr	burnie	byron	train
US	addr	bern	byron	train
US	addr	celina	colony	train
US	addr	colonie	colony	train
US	addr	celina	colonie	train
US	addr	wake	waukee	train
US	addr	black	polk	train
US	addr	harbor	harper	train
US	addr	harbour	harper	train
US	addr	brownsville	burnsville	train
US	addr	rockville	rockwall	train
US	addr	rockville	rockwell	train
US	addr	rockwall	rockwell	train
US	addr	hayes	house	train
US	addr	hays	house	train
US	addr	bethel	bothell	train
US	addr	battle	bethel	train
US	addr	battle	bothell	train
US	addr	boiling	bowling	train
US	addr	reading	redding	train
US	addr	shelby	sleepy	train
US	addr	briar	prairie	train
US	addr	prairie	prior	train
US	addr	prairie	pryor	train
US	addr	briar	prior	train
US	addr	briar	pryor	train
US	addr	prior	pryor	train
US	addr	range	roanoke	train
US	addr	baton	baytown	train
US	addr	baton	bethany	train
US	addr	baton	patton	train
US	addr	baytown	bethany	train
US	addr	baytown	patton	train
US	addr	bethany	patton	train
US	addr	shady	south	train
US	addr	shadow	south	train
US	addr	side	south	train
US	addr	shady	suite	train
US	addr	shadow	suite	train
US	addr	side	suite	train
US	addr	shadow	shady	train
US	addr	shady	side	train
US	addr	shadow	side	train
US	addr	boone	pine	train
US	addr	bonney	pine	train
US	addr	buena	pine	train
US	addr	boone	piney	train
US	addr	bonney	boone	train
US	addr	boone	buena	train
US	addr	bonney	piney	train
US	addr	buena	piney	train
US	addr	bonney	buena	train
US	addr	minot	mount	train
US	addr	monte	mount	train
US	addr	mound	mount	train
US	addr	mint	mount	train
US	addr	minot	monte	train
US	addr	minot	mound	train
US	addr	monte	mound	train
US	addr	mint	monte	train
US	addr	mint	mound	train
US	addr	carol	carroll	train
US	addr	carroll	crowley	train
US	addr	carl	carroll	train
US	addr	carroll	coral	train
US	addr	carol	crowley	train
US	addr	carol	coral	train
US	addr	carl	crowley	train
US	addr	coral	crowley	train
US	addr	carl	coral	train
US	addr	meadow	moody	train
US	addr	mead	meadow	train
US	addr	mead	moody	train
US	addr	sheldon	shelton	train
US	addr	bear	peoria	train
US	addr	peoria	perry	train
US	addr	berry	peoria	train
US	addr	peoria	peru	train
US	addr	bear	perry	train
US	addr	bear	berry	train
US	addr	bear	peru	train
US	addr	berry	perry	train
US	addr	perry	peru	train
US	addr	berry	peru	train
US	addr	taylor	tyler	train
US	addr	juneau	zion	train
US	addr	jean	zion	train
US	addr	june	zion	train
US	addr	jean	juneau	train
US	addr	june	juneau	train
US	addr	jean	june	train
US	addr	lily	lowell	train
US	addr	cave	cove	train
US	addr	cloud	clyde	train
US	addr	cloud	cold	train
US	addr	clyde	cold	train
US	addr	bayside	post	train
US	addr	broad	port	train
US	addr	bird	port	train
US	addr	broad	porte	train
US	addr	bird	broad	train
US	addr	bird	porte	train
US	addr	chester	custer	train
US	addr	vandalia	wendell	train
US	addr	gallatin	golden	train
US	addr	little	ludlow	train
US	addr	deer	tree	train
US	addr	tree	troy	train
US	addr	terre	tree	train
US	addr	tower	tree	train
US	addr	deer	troy	train
US	addr	deer	terre	train
US	addr	deer	tower	train
US	addr	terre	troy	train
US	addr	tower	troy	train
US	addr	terre	tower	train
US	addr	mile	mill	train
US	addr	mall	mill	train
US	addr	mall	mile	train
US	addr	moorhead	morehead	train
US	addr	haute	hyde	train
US	addr	haute	head	train
US	addr	haute	hutto	train
US	addr	haute	hood	train
US	addr	head	hyde	train
US	addr	hutto	hyde	train
US	addr	hood	hyde	train
US	addr	head	hutto	train
US	addr	head	hood	train
US	addr	hood	hutto	train
US	addr	smith	summit	train
US	addr	melrose	millers	train
US	addr	duluth	toledo	train
US	addr	delta	toledo	train
US	addr	delta	duluth	train
US	addr	montana	mountain	train
US	addr	mandan	mountain	train
US	addr	mandan	montana	train
US	addr	kyle	quail	train
US	addr	kelly	quail	train
US	addr	galloway	quail	train
US	addr	kelly	kyle	train
US	addr	galloway	kyle	train
US	addr	galloway	kelly	train
US	addr	middletown	midlothian	train
US	addr	middleton	midlothian	train
US	addr	harmony	herriman	train
US	addr	harmon	herriman	train
US	addr	paso	pass	train
US	addr	bush	paso	train
US	addr	bush	pass	train
US	addr	paseo	pass	train
US	addr	bush	paseo	train
US	addr	martin	meridian	train
US	addr	martin	morton	train
US	addr	meridian	morton	train
US	addr	happy	hope	train
US	addr	lima	loma	train
US	addr	lima	lyme	train
US	addr	loma	lyme	train
US	addr	terrace	trace	train
US	addr	terrace	tracy	train
US	addr	trace	tracy	train
US	addr	daphne	tiffin	train
US	addr	clara	clear	train
US	addr	harris	horse	train
US	addr	alexander	alexandria	train
US	addr	miles	mills	train
US	addr	melissa	mills	train
US	addr	melissa	miles	train
US	addr	thornton	trenton	train
US	addr	bayou	bowie	train
US	addr	linwood	lynnwood	train
US	addr	linwood	lynwood	train
US	addr	square	sugar	train
US	addr	shaker	sugar	train
US	addr	shaker	square	train
US	addr	land	linda	train
US	addr	varina	warren	train
US	addr	verona	warren	train
US	addr	warren	wren	train
US	addr	varina	verona	train
US	addr	varina	wren	train
US	addr	verona	wren	train
US	addr	marysville	mooresville	train
US	addr	mooresville	morrisville	train
US	addr	marysville	morrisville	train
US	addr	dawn	twin	train
US	addr	durant	trinity	train
US	addr	dayton	dothan	train
US	addr	fontana	fountain	train
US	addr	fenton	fontana	train
US	addr	fenton	fountain	train
US	addr	high	hugo	train
US	addr	gary	quarry	train
US	addr	gray	quarry	train
US	addr	carolina	caroline	train
US	addr	copperas	cypress	train
US	addr	grace	greece	train
US	addr	daisy	taos	train
US	addr	albany	alpine	train
US	addr	albany	albion	train
US	addr	albion	alpine	train
US	addr	witt	wood	train
US	addr	floor	flower	train
US	addr	floor	fowler	train
US	addr	floor	fuller	train
US	addr	flower	fowler	train
US	addr	flower	fuller	train
US	addr	fowler	fuller	train
US	addr	duck	duke	train
US	addr	clay	coal	train
US	addr	clay	cole	train
US	addr	calle	clay	train
US	addr	chili	clay	train
US	addr	coal	cole	train
US	addr	calle	coal	train
US	addr	chili	coal	train
US	addr	calle	cole	train
US	addr	chili	cole	train
US	addr	calle	chili	train
US	addr	cannon	canyon	train
US	addr	magnolia	mckinley	train
US	addr	janesville	zionsville	train
US	addr	zanesville	zionsville	train
US	addr	seymour	summer	train
US	addr	malden	milton	train
US	addr	rialto	rowlett	train
US	addr	pekin	pigeon	train
US	addr	bridge	portage	train
US	addr	layton	loudoun	train
US	addr	linden	london	train
US	addr	linden	lyndon	train
US	addr	london	lyndon	train
US	addr	clayton	colton	train
US	addr	caledonia	clayton	train
US	addr	caledonia	colton	train
US	addr	sidney	stone	train
US	addr	stone	stony	train
US	addr	stone	sutton	train
US	addr	sedona	stone	train
US	addr	sidney	stony	train
US	addr	sidney	sutton	train
US	addr	sedona	sidney	train
US	addr	stony	sutton	train
US	addr	sedona	stony	train
US	addr	sedona	sutton	train
US	addr	garden	groton	train
US	addr	garden	gordon	train
US	addr	gordon	groton	train
US	addr	milan	moline	train
US	addr	malone	moline	train
US	addr	malone	milan	train
US	addr	pebble	pueblo	train
US	addr	roseville	roswell	train
US	addr	halls	hills	train
US	addr	hondo	hunt	train
US	addr	manor	monroe	train
US	addr	garrett	great	train
US	addr	hayden	hidden	train
US	addr	hidden	hueytown	train
US	addr	hayden	hueytown	train
US	addr	rome	room	train
US	addr	buckeye	pike	train
US	addr	peak	pike	train
US	addr	page	pike	train
US	addr	buck	pike	train
US	addr	buckeye	peak	train
US	addr	buckeye	page	train
US	addr	buck	buckeye	train
US	addr	page	peak	train
US	addr	buck	peak	train
US	addr	buck	page	train
US	addr	walton	wilton	train
US	addr	walden	walton	train
US	addr	walden	wilton	train
US	addr	aledo	alta	train
US	addr	alta	alto	train
US	addr	aledo	alto	train
US	addr	lewes	lewis	train
US	addr	lewis	loves	train
US	addr	lewes	loves	train
US	addr	center	country	train
US	addr	centre	country	train
US	addr	carlton	carrollton	train
US	addr	belton	palatine	train
US	addr	bolton	palatine	train
US	addr	belton	bolton	train
US	addr	salle	shell	train
US	addr	blaine	plain	train
US	addr	breeze	breezy	train
US	addr	moore	murray	train
US	addr	mary	murray	train
US	addr	maria	murray	train
US	addr	marie	murray	train
US	addr	mary	moore	train
US	addr	maria	moore	train
US	addr	marie	moore	train
US	addr	maria	mary	train
US	addr	marie	mary	train
US	addr	maria	marie	train
US	addr	wallace	welch	train
US	addr	sparrow	spur	train
US	addr	cameron	cimarron	train
US	addr	bradley	bridle	train
US	addr	birch	pierce	train
US	addr	birch	price	train
US	addr	pierce	price	train
US	addr	andersen	anderson	train
US	addr	fields	flats	train
US	addr	brookside	parkside	train
US	addr	bryant	burnet	train
US	addr	airy	arrow	train
US	addr	aire	arrow	train
US	addr	aire	airy	train
US	addr	gorham	graham	train
US	addr	brookview	parkview	train
US	addr	walnut	wayland	train
US	addr	norriton	norton	train
US	addr	holiday	holladay	train
US	addr	fern	forney	train
US	addr	wausau	wise	train
US	addr	dubuque	topeka	train
US	addr	topeka	tpke	train
US	addr	dubuque	tpke	train
US	addr	golf	gulf	train
US	addr	palmer	palmyra	train
US	addr	mason	mission	train
US	addr	riley	royal	train
US	addr	wheaton	whitney	train
US	addr	heber	huber	train
US	addr	temple	tomball	train
US	addr	casa	chase	train
US	addr	dawson	division	train
US	addr	butte	path	train
US	addr	bath	path	train
US	addr	buda	path	train
US	addr	boyd	path	train
US	addr	bath	butte	train
US	addr	buda	butte	train
US	addr	boyd	butte	train
US	addr	bath	buda	train
US	addr	bath	boyd	train
US	addr	boyd	buda	train
US	addr	calabash	clubhouse	train
US	addr	dorado	trout	train
US	addr	fall	foley	train
US	addr	leesburg	louisburg	train
US	addr	mentor	monterey	train
US	addr	balsam	blossom	train
US	addr	kenosha	queens	train
US	addr	genesee	kenosha	train
US	addr	genesee	queens	train
US	addr	dewey	dove	train
US	addr	joliet	juliet	train
US	addr	gastonia	keystone	train
US	addr	felton	fulton	train
US	addr	palm	plum	train
US	addr	ledge	lodge	train
US	addr	denton	taunton	train
US	addr	victoria	victory	train
US	addr	victor	victoria	train
US	addr	eaton	eden	train
US	addr	eden	edina	train
US	addr	eaton	edina	train
US	addr	marietta	martha	train
US	addr	french	furnace	train
US	addr	garrison	grayson	train
US	addr	fairmont	fremont	train
US	addr	fairmount	fremont	train
US	addr	yale	yellow	train
US	addr	iola	yellow	train
US	addr	iola	yale	train
US	addr	mark	mirage	train
US	addr	dennis	tennessee	train
US	addr	dennis	downs	train
US	addr	lunas	lyons	train
US	addr	beacon	pecan	train
US	addr	brighton	brockton	train
US	addr	hobart	hubbard	train
US	addr	cooper	copper	train
US	addr	stockton	stoughton	train
US	addr	hart	howard	train
US	addr	maryvale	maryville	train
US	addr	empire	emporia	train
US	addr	hilton	holden	train
US	addr	danbury	dunbar	train
US	addr	anthony	antonio	train
US	addr	brookville	parkville	train
US	addr	sullivan	sylvania	train
US	addr	sullivan	sylvan	train
US	addr	sylvan	sylvania	train
US	addr	dale	tall	train
US	addr	bangor	bunker	train
US	addr	barton	brittany	train
US	addr	aster	astoria	train
US	addr	snow	sunny	train
US	addr	shawnee	swan	train
US	addr	vaughn	wagon	train
US	addr	greens	kearns	train
US	addr	booneville	pineville	train
US	addr	barnes	burns	train
US	addr	barnes	browns	train
US	addr	browns	burns	train
US	addr	arcade	arcadia	train
US	addr	towwnship	twnship	train
US	addr	ccdp	cddp	train
INDIA	name	hospital	hospitals	train
INDIA	name	india	indian	train
INDIA	name	jewellers	jewellery	train
INDIA	name	shree	sree	train
INDIA	name	enterprise	enterprises	train
INDIA	name	seva	sevan	train
INDIA	name	software	softwares	train
INDIA	name	bright	right	train
INDIA	name	shiva	shivam	train
INDIA	name	shiva	shivan	train
INDIA	name	farmer	farmers	train
INDIA	name	interior	interiors	train
INDIA	name	science	sciences	train
INDIA	name	education	educational	train
INDIA	name	network	networks	train
INDIA	name	steel	steels	train
INDIA	name	design	designs	train
INDIA	name	metal	metals	train
INDIA	name	medi	media	train
INDIA	name	pharmaceutical	pharmaceuticals	train
INDIA	name	sadar	sadarn	train
INDIA	name	computer	computers	train
INDIA	name	electrical	electricals	train
INDIA	name	organic	organics	train
INDIA	name	electric	electrical	train
INDIA	name	textile	textiles	train
INDIA	name	mart	smart	train
INDIA	name	ahmadabad	ahmedabad	train
INDIA	name	communication	communications	train
INDIA	name	advance	advanced	train
INDIA	name	innovation	innovations	train
INDIA	name	studio	studios	train
INDIA	name	commerce	ecommerce	train
INDIA	name	creation	creations	train
INDIA	name	plastic	plastics	train
INDIA	name	raoyal	rayal	train
INDIA	name	praopartij	prapartij	train
INDIA	name	praopartij	propartijh	train
INDIA	name	bijanes	bijhanes	train
INDIA	name	eksaports	eksports	train
INDIA	name	teknalaji	teknalajis	train
INDIA	name	phud	phuds	train
INDIA	name	golda	goldan	train
INDIA	name	investaments	investment	train
INDIA	name	indastrij	indastrijh	train
INDIA	name	indastrij	indastris	train
INDIA	name	imphrastrakchar	inphrastrakchar	train
INDIA	name	kansalting	kansaltinga	train
INDIA	name	teknolaojij	teknoloji	train
INDIA	name	esaes	eses	train
INDIA	name	entarapraijej	entarapraijes	train
INDIA	name	entarapraijej	entarpraijes	train
INDIA	name	lajistiks	laojistiks	train
INDIA	name	kanstrakshan	kanstrakshans	train
INDIA	name	investamenta	investaments	train
INDIA	name	kansaltensi	kansaltents	train
INDIA	name	intaraneshanal	intarneshanal	train
INDIA	name	intaraneshanal	intaranyashanal	train
INDIA	name	teknolaoji	teknolaojij	train
INDIA	name	teknolaoji	teknoloji	train
INDIA	name	bambe	baombe	train
INDIA	name	inaphra	inphra	train
INDIA	name	inrarnashanal	intarnyashanal	train
INDIA	name	saut	sauth	train
INDIA	name	haospitailiti	hospitaliti	train
INDIA	name	haospitailiti	haspitaliti	train
INDIA	name	kanasalatensi	kansaltensi	train
INDIA	name	entarapraijes	entarpraijes	train
INDIA	name	haspitaliti	hospitaliti	train
INDIA	name	treding	tredinga	train
INDIA	name	krietiv	kriyetiv	train
INDIA	name	saolyushans	solyushans	train
INDIA	name	keyaar	keyar	train
INDIA	name	paraphekta	parphekt	train
INDIA	name	sadarn	sadarna	train
INDIA	name	prodaktas	prodakts	train
INDIA	name	tredin	treding	train
INDIA	name	inaphotek	inphotek	train
INDIA	name	eksaportas	eksaports	train
INDIA	name	eksaportas	eksports	train
INDIA	name	invesdhmendh	invesdhmendhs	train
INDIA	name	vait	vhait	train
INDIA	name	intarneshanal	intarnyashanal	train
INDIA	name	intaranyashanal	intarnyashanal	train
INDIA	name	inabhestamenta	inabhestamentas	train
INDIA	name	phaorchyun	pharchun	train
INDIA	name	marketin	marketinga	train
INDIA	name	prajektas	prajekts	train
INDIA	name	injiniyarin	injiniyaring	train
INDIA	name	injiniyarin	injiniyaringa	train
INDIA	name	prapartij	prapartis	train
INDIA	name	midhiya	midiya	train
INDIA	name	injiniyaring	injiniyaringa	train
INDIA	name	phudas	phuds	train
INDIA	name	tekanolaji	tekanolajis	train
INDIA	name	tekanolaji	teknolaoji	train
INDIA	name	helathakeyaar	helthakeyar	train
INDIA	name	istarn	istarna	train
INDIA	name	india	indo	train
INDIA	name	limatid	limidhedh	train
INDIA	name	valley	value	train
INDIA	name	nidhi	noida	train
INDIA	name	school	social	train
INDIA	name	esdhedh	estet	train
INDIA	name	chit	city	train
INDIA	name	fudhs	phuds	train
INDIA	name	fudhs	phudas	train
INDIA	name	guru	keyar	train
INDIA	name	guru	keyaar	train
INDIA	name	invesdhmendh	investamenta	train
INDIA	name	lodhdhas	lotas	train
INDIA	name	shree	surya	train
INDIA	name	sree	surya	train
INDIA	name	indastris	indhasdhris	train
INDIA	name	care	core	train
INDIA	name	bhurabhbhardhdhis	prapartis	train
INDIA	name	bharat	brait	train
INDIA	name	real	royal	train
INDIA	name	raoyal	real	train
INDIA	name	rayal	real	train
INDIA	name	riyal	royal	train
INDIA	name	raoyal	riyal	train
INDIA	name	rayal	riyal	train
INDIA	name	invesdhmendhs	investaments	train
INDIA	name	agri	agro	train
INDIA	name	agra	agro	train
INDIA	name	agra	agri	train
INDIA	name	aghro	agri	train
INDIA	name	agri	ayagro	train
INDIA	name	aghro	agra	train
INDIA	name	agra	ayagro	train
INDIA	name	aghro	ayagro	train
INDIA	name	power	pure	train
INDIA	name	paoyaar	pure	train
INDIA	name	seva	shiv	train
INDIA	name	seva	shiva	train
INDIA	name	saophtaveyar	saphtver	train
INDIA	name	sadar	star	train
INDIA	name	devalapars	dhevalabhbhars	train
INDIA	name	bangalore	bengaluru	train
INDIA	name	bright	pragati	train
INDIA	name	health	holiday	train
INDIA	name	goregaon	gurgaon	train
INDIA	name	farm	pharma	train
INDIA	name	vishnu	vision	train
INDIA	name	vishan	vishnu	train
INDIA	name	gold	quality	train
INDIA	name	golda	quality	train
INDIA	name	tiles	tools	train
INDIA	name	corp	crop	train
INDIA	name	metal	mutual	train
INDIA	name	malad	multi	train
INDIA	name	gaileksi	gyalaksi	train
INDIA	name	siddhi	south	train
INDIA	name	sauth	siti	train
INDIA	name	siddhi	siti	train
INDIA	name	sauth	siddhi	train
INDIA	name	team	time	train
INDIA	name	sagar	square	train
INDIA	name	dairy	true	train
INDIA	name	cloud	cold	train
INDIA	name	coimbatore	computer	train
INDIA	name	sangh	singh	train
INDIA	name	deccan	techno	train
INDIA	name	metro	motor	train
INDIA	name	praivet	private	train
INDIA	name	bhiraivedh	private	train
INDIA	name	bhiraivedh	praivet	train
INDIA	name	devi	divya	train
INDIA	name	agritech	agrotech	train
INDIA	name	madras	motors	train
INDIA	name	sevan	shivan	train
INDIA	name	land	lndia	train
INDIA	name	kanasalatyantas	kansaltents	train
INDIA	name	prapartij	propartijh	train
INDIA	name	bijanes	bijines	train
INDIA	name	bhijhins	bijanes	train
INDIA	name	bhijhins	bijines	train
INDIA	name	bijhanes	bijines	train
INDIA	name	bhijhins	bijhanes	train
INDIA	name	teknalaji	teknolaoji	train
INDIA	name	dheghnalaji	teknolaoji	train
INDIA	name	teknalaji	teknoloji	train
INDIA	name	dheghnalaji	teknalaji	train
INDIA	name	tekanolaji	teknalaji	train
INDIA	name	dheghnalaji	teknoloji	train
INDIA	name	tekanolaji	teknoloji	train
INDIA	name	dheghnalaji	tekanolaji	train
INDIA	name	elaelapi	elelpi	train
INDIA	name	elaelapi	elelbhi	train
INDIA	name	elelbhi	elelpi	train
INDIA	name	tekanolajis	teknalajis	train
INDIA	name	prajekts	projekts	train
INDIA	name	prajektas	projekts	train
INDIA	name	saliushanas	saolyushans	train
INDIA	name	saliushanas	solyushans	train
INDIA	name	dainamik	dayanamik	train
INDIA	name	indharneshanl	intaraneshanal	train
INDIA	name	intaraneshanal	intarnyashanal	train
INDIA	name	indharneshanl	intarneshanal	train
INDIA	name	intaranyashanal	intarneshanal	train
INDIA	name	indharneshanl	intarnyashanal	train
INDIA	name	indharneshanl	intaranyashanal	train
INDIA	name	bhavar	pavar	train
INDIA	name	sarvisas	sarvises	train
INDIA	name	sarvisas	sarvisis	train
INDIA	name	sarvises	sarvisis	train
INDIA	name	ghansdhrakshan	kanstrakshan	train
INDIA	name	mainejamenta	menejment	train
INDIA	name	mainejamenta	myanejment	train
INDIA	name	menejment	myanejment	train
INDIA	name	phainans	phainens	train
INDIA	name	fainans	phainens	train
INDIA	name	fainans	phainans	train
INDIA	name	helthakeyar	heltker	train
INDIA	name	helathakeyaar	heltker	train
INDIA	name	infodhegh	inphotek	train
INDIA	name	inaphotek	infodhegh	train
INDIA	name	endharbhiraijhas	entarapraijes	train
INDIA	name	endharbhiraijhas	entarpraijes	train
INDIA	name	injaniring	injiniyaringa	train
INDIA	name	injaniring	injiniyaring	train
INDIA	addr	palace	place	train
INDIA	addr	floor	floors	train
INDIA	addr	kantha	katha	train
INDIA	addr	road	roads	train
INDIA	addr	vivekanand	vivekananda	train
INDIA	addr	nagar	nagara	train
INDIA	addr	nagar	nagari	train
INDIA	addr	agar	nagar	train
INDIA	addr	agar	sagar	train
INDIA	addr	building	buildings	train
INDIA	addr	bhopal	bopal	train
INDIA	addr	bangalore	mangalore	train
INDIA	addr	budh	budha	train
INDIA	addr	tower	towers	train
INDIA	addr	maruthi	maruti	train
INDIA	addr	bihar	bihari	train
INDIA	addr	apartment	appartment	train
INDIA	addr	apartment	apartments	train
INDIA	addr	apartment	appartments	train
INDIA	addr	anand	sanand	train
INDIA	addr	anand	ananda	train
INDIA	addr	anand	nand	train
INDIA	addr	garden	gardens	train
INDIA	addr	nadu	naidu	train
INDIA	addr	sadar	sardar	train
INDIA	addr	stand	strand	train
INDIA	addr	chawl	chawla	train
INDIA	addr	mala	malad	train
INDIA	addr	mala	malda	train
INDIA	addr	kumar	kumari	train
INDIA	addr	chand	chandi	train
INDIA	addr	chand	chanda	train
INDIA	addr	gali	galli	train
INDIA	addr	anna	panna	train
INDIA	addr	jyothi	jyoti	train
INDIA	addr	bridge	ridge	train
INDIA	addr	kanpur	khanpur	train
INDIA	addr	paldi	pali	train
INDIA	addr	villa	villas	train
INDIA	addr	ajanta	janta	train
INDIA	addr	appartment	appartments	train
INDIA	addr	gaur	gauri	train
INDIA	addr	indu	indus	train
INDIA	addr	jhunjhunu	jhunjhunun	train
INDIA	addr	shiv	shiva	train
INDIA	addr	site	suite	train
INDIA	addr	ashok	ashoka	train
INDIA	addr	shree	sree	train
INDIA	addr	estate	estates	train
INDIA	addr	estate	state	train
INDIA	addr	jayanagar	vijayanagar	train
INDIA	addr	dream	dreams	train
INDIA	addr	punjab	punjabi	train
INDIA	addr	dist	distt	train
INDIA	addr	beside	besides	train
INDIA	addr	pali	palli	train
INDIA	addr	nanda	nandan	train
INDIA	addr	sahid	shahid	train
INDIA	addr	royal	royale	train
INDIA	addr	alwar	kalwar	train
INDIA	addr	phata	phatak	train
INDIA	addr	chowk	chowki	train
INDIA	addr	lodha	loha	train
INDIA	addr	naga	nagla	train
INDIA	addr	flat	flats	train
INDIA	addr	kala	kamla	train
INDIA	addr	kala	kalan	train
INDIA	addr	chamber	chambers	train
INDIA	addr	sunder	under	train
INDIA	addr	palam	palm	train
INDIA	addr	jaipur	jaitpur	train
INDIA	addr	nand	nanda	train
INDIA	addr	nand	nandi	train
INDIA	addr	dada	dadar	train
INDIA	addr	gazipur	ghazipur	train
INDIA	addr	line	lines	train
INDIA	addr	extension	extention	train
INDIA	addr	icon	iscon	train
INDIA	addr	bhawan	bhawani	train
INDIA	addr	electronic	electronics	train
INDIA	addr	bhiwandi	bhiwani	train
INDIA	addr	kamal	kamala	train
INDIA	addr	hostel	hotel	train
INDIA	addr	seri	sheri	train
INDIA	addr	nadia	nadiad	train
INDIA	addr	palm	palms	train
INDIA	addr	kalina	kalinga	train
INDIA	addr	raja	rajan	train
INDIA	addr	rana	ratna	train
INDIA	addr	rana	ranga	train
INDIA	addr	madhuban	madhubani	train
INDIA	addr	naranpura	navrangpura	train
INDIA	addr	rajpur	rajpura	train
INDIA	addr	bhagwan	bhawan	train
INDIA	addr	kalyan	kalyani	train
INDIA	addr	veer	veera	train
INDIA	addr	mahal	mahals	train
INDIA	addr	green	greens	train
INDIA	addr	apartments	appartments	train
INDIA	addr	apartments	appartment	train
INDIA	addr	kota	kotda	train
INDIA	addr	kota	kotla	train
INDIA	addr	bhavan	bhavani	train
INDIA	addr	purna	purnia	train
INDIA	addr	para	paras	train
INDIA	addr	part	party	train
INDIA	addr	work	works	train
INDIA	addr	rama	raman	train
INDIA	addr	vila	vilas	train
INDIA	addr	gram	grama	train
INDIA	addr	khurd	khurda	train
INDIA	addr	abdul	abul	train
INDIA	addr	sakthi	shakthi	train
INDIA	addr	annex	annexe	train
INDIA	addr	vasant	vasanth	train
INDIA	addr	sitapur	sitapura	train
INDIA	addr	farm	farms	train
INDIA	addr	taluk	taluka	train
INDIA	addr	height	heights	train
INDIA	addr	bijnor	bijnore	train
INDIA	addr	panchayat	panchayath	train
INDIA	addr	subash	subhash	train
INDIA	addr	hisar	hissar	train
INDIA	addr	pada	padma	train
INDIA	addr	pada	padra	train
INDIA	addr	hill	hills	train
INDIA	addr	field	fields	train
INDIA	addr	grama	rama	train
INDIA	addr	rampur	rampura	train
INDIA	addr	mandi	mandir	train
INDIA	addr	mandi	mandvi	train
INDIA	addr	madan	maidan	train
INDIA	addr	subhas	subhash	train
INDIA	addr	mira	miraj	train
INDIA	addr	mira	mitra	train
INDIA	addr	arya	darya	train
INDIA	addr	krishi	rishi	train
INDIA	addr	khan	khand	train
INDIA	addr	khan	khana	train
INDIA	addr	vishwa	vishwas	train
INDIA	addr	pani	panki	train
INDIA	addr	space	spaces	train
INDIA	addr	pura	puram	train
INDIA	addr	pura	purna	train
INDIA	addr	pura	purva	train
INDIA	addr	indirapuram	indrapuram	train
INDIA	addr	vijay	vijaya	train
INDIA	addr	koil	kovil	train
INDIA	addr	pitampura	pithampur	train
INDIA	addr	anantapur	ananthapur	train
INDIA	addr	nagarabhavi	nagarbhavi	train
INDIA	addr	soni	sonia	train
INDIA	addr	mangalam	manglam	train
INDIA	addr	kanti	kranti	train
INDIA	addr	kalan	kalyan	train
INDIA	addr	vaidya	vidya	train
INDIA	addr	sangamner	sanganer	train
INDIA	addr	sahara	saharsa	train
INDIA	addr	chandi	chandni	train
INDIA	addr	gonda	gondal	train
INDIA	addr	bazaar	bazar	train
INDIA	addr	hall	halli	train
INDIA	addr	nilaya	nilayam	train
INDIA	addr	appt	appts	train
INDIA	addr	mill	mills	train
INDIA	addr	bunglow	bunglows	train
INDIA	addr	sahar	sahara	train
INDIA	addr	agarwal	aggarwal	train
INDIA	addr	thiruvallur	thiruvalluvar	train
INDIA	addr	banda	bandra	train
INDIA	addr	bunder	under	train
INDIA	addr	nagla	nala	train
INDIA	addr	ramakrishna	ramkrishna	train
INDIA	addr	sahi	sahid	train
INDIA	addr	sahi	sahib	train
INDIA	addr	chaudhary	choudhary	train
INDIA	addr	malappuram	malapuram	train
INDIA	addr	prince	princep	train
INDIA	addr	saran	sarani	train
INDIA	addr	naya	nayak	train
INDIA	addr	agrahara	agraharam	train
INDIA	addr	home	homes	train
INDIA	addr	coloney	colony	train
INDIA	addr	sarai	sarani	train
INDIA	addr	arun	aruna	train
INDIA	addr	kamala	kamla	train
INDIA	addr	panchvati	panchwati	train
INDIA	addr	hayathnagar	himayathnagar	train
INDIA	addr	grand	grande	train
INDIA	addr	vasundhara	vasundhra	train
INDIA	addr	vidhya	vidya	train
INDIA	addr	saha	sahar	train
INDIA	addr	alam	palam	train
INDIA	addr	flower	lower	train
INDIA	addr	ananda	nanda	train
INDIA	addr	gayathri	gayatri	train
INDIA	addr	katra	katraj	train
INDIA	addr	sidhi	sindhi	train
INDIA	addr	vista	vistar	train
INDIA	addr	hata	khata	train
INDIA	addr	hata	phata	train
INDIA	addr	ansal	bansal	train
INDIA	addr	satya	satyam	train
INDIA	addr	hissa	hissar	train
INDIA	addr	cama	camac	train
INDIA	addr	ashiana	ashiyana	train
INDIA	addr	siddhi	sidhi	train
INDIA	addr	vinayak	vinayaka	train
INDIA	addr	garh	garhi	train
INDIA	addr	kanta	kantha	train
INDIA	addr	vilas	villas	train
INDIA	addr	srinivas	srinivasa	train
INDIA	addr	kishor	kishore	train
INDIA	addr	bell	bella	train
INDIA	addr	country	county	train
INDIA	addr	sarjapur	sarjapura	train
INDIA	addr	ajmer	amer	train
INDIA	addr	pragathi	pragati	train
INDIA	addr	alwal	palwal	train
INDIA	addr	chattarpur	chhatarpur	train
INDIA	addr	prashant	prashanth	train
INDIA	addr	vrindavan	vrundavan	train
INDIA	addr	dwaraka	dwarka	train
INDIA	addr	spring	springs	train
INDIA	addr	suit	suite	train
INDIA	addr	dinajpur	dinapur	train
INDIA	addr	mansarovar	mansarover	train
INDIA	addr	marve	marvel	train
INDIA	addr	bada	banda	train
INDIA	addr	kishan	krishan	train
INDIA	addr	chandpur	chandrapur	train
INDIA	addr	chanda	chandra	train
INDIA	addr	chanda	chandan	train
INDIA	addr	saini	sainik	train
INDIA	addr	wood	woods	train
INDIA	addr	davanagere	davangere	train
INDIA	addr	aman	amman	train
INDIA	addr	aman	raman	train
INDIA	addr	pahar	pahari	train
INDIA	addr	palem	palm	train
INDIA	addr	nana	nanda	train
INDIA	addr	nana	nanak	train
INDIA	addr	venkateshwara	venkateswara	train
INDIA	addr	bhiwadi	bhiwandi	train
INDIA	addr	shiva	shivam	train
INDIA	addr	shakthi	shakti	train
INDIA	addr	gopalpur	gopalpura	train
INDIA	addr	amber	amer	train
INDIA	addr	millenium	millennium	train
INDIA	addr	poona	poonam	train
INDIA	addr	shil	shilp	train
INDIA	addr	jagatpur	jagatpura	train
INDIA	addr	appts	apts	train
INDIA	addr	khed	kheda	train
INDIA	addr	nagari	nagri	train
INDIA	addr	panchavati	panchvati	train
INDIA	addr	sabha	saha	train
INDIA	addr	andh	aundh	train
INDIA	addr	bungalow	bunglow	train
INDIA	addr	shanthi	shanti	train
INDIA	addr	ahmadnagar	ahmednagar	train
INDIA	addr	bela	bella	train
INDIA	addr	cooperative	operative	train
INDIA	addr	sarvoday	sarvodaya	train
INDIA	addr	quthbullapur	qutubullapur	train
INDIA	addr	magri	mari	train
INDIA	addr	brindavan	vrindavan	train
INDIA	addr	byepass	bypass	train
INDIA	addr	mega	omega	train
INDIA	addr	sheri	shri	train
INDIA	addr	rajan	ranjan	train
INDIA	addr	sama	samaj	train
INDIA	addr	etawa	etawah	train
INDIA	addr	rajapur	rajpur	train
INDIA	addr	dutt	dutta	train
INDIA	addr	apart	part	train
INDIA	addr	kasaragod	kasargod	train
INDIA	addr	time	times	train
INDIA	addr	malleshwaram	malleswaram	train
INDIA	addr	flor	flora	train
INDIA	addr	bala	bavla	train
INDIA	addr	king	kings	train
INDIA	addr	pushp	pushpa	train
INDIA	addr	panjab	panjaba	train
INDIA	addr	odaisha	odisha	train
INDIA	addr	place	police	train
INDIA	addr	place	pollachi	train
INDIA	addr	palace	police	train
INDIA	addr	palace	pollachi	train
INDIA	addr	police	pollachi	train
INDIA	addr	floor	flower	train
INDIA	addr	floor	flora	train
INDIA	addr	flor	flower	train
INDIA	addr	flora	flower	train
INDIA	addr	shop	sobha	train
INDIA	addr	shop	shubh	train
INDIA	addr	sabha	shop	train
INDIA	addr	shubh	sobha	train
INDIA	addr	sabha	sobha	train
INDIA	addr	sabha	shubh	train
INDIA	addr	vile	vill	train
INDIA	addr	valley	vill	train
INDIA	addr	vill	wali	train
INDIA	addr	vile	villa	train
INDIA	addr	valley	villa	train
INDIA	addr	villa	wali	train
INDIA	addr	valley	vile	train
INDIA	addr	vile	wali	train
INDIA	addr	valley	wali	train
INDIA	addr	gondal	kondli	train
INDIA	addr	near	noor	train
INDIA	addr	krishan	krishna	train
INDIA	addr	krishna	krushna	train
INDIA	addr	krishan	krushna	train
INDIA	addr	andheri	andhra	train
INDIA	addr	paradise	pradesh	train
INDIA	addr	brts	pradesh	train
INDIA	addr	brts	pradesha	train
INDIA	addr	brts	paradise	train
INDIA	addr	daulat	delta	train
INDIA	addr	shipra	super	train
INDIA	addr	sabar	super	train
INDIA	addr	shibpur	super	train
INDIA	addr	sabar	shipra	train
INDIA	addr	shibpur	shipra	train
INDIA	addr	sabar	shibpur	train
INDIA	addr	gandhi	khand	train
INDIA	addr	gandhi	kannada	train
INDIA	addr	gandhi	kantha	train
INDIA	addr	gandhi	guindy	train
INDIA	addr	kannada	khand	train
INDIA	addr	kantha	khand	train
INDIA	addr	guindy	khand	train
INDIA	addr	kannada	kantha	train
INDIA	addr	guindy	kannada	train
INDIA	addr	guindy	kantha	train
INDIA	addr	radha	road	train
INDIA	addr	radhe	road	train
INDIA	addr	radha	reddy	train
INDIA	addr	raod	reddy	train
INDIA	addr	radhe	reddy	train
INDIA	addr	radha	raod	train
INDIA	addr	radha	radhe	train
INDIA	addr	radhe	raod	train
INDIA	addr	kerala	kurla	train
INDIA	addr	karol	kerala	train
INDIA	addr	gharoli	kerala	train
INDIA	addr	karol	kurla	train
INDIA	addr	gharoli	kurla	train
INDIA	addr	gharoli	karol	train
INDIA	addr	chawl	civil	train
INDIA	addr	chawla	civil	train
INDIA	addr	haryana	hiran	train
INDIA	addr	hariyana	hiran	train
INDIA	addr	nagar	nagri	train
INDIA	addr	nagari	nagaur	train
INDIA	addr	nagara	nagari	train
INDIA	addr	nagara	nagaur	train
INDIA	addr	nagaur	nagri	train
INDIA	addr	nagara	nagri	train
INDIA	addr	agar	agra	train
INDIA	addr	madhya	moti	train
INDIA	addr	madhu	madhya	train
INDIA	addr	madhya	modi	train
INDIA	addr	mata	moti	train
INDIA	addr	madhu	moti	train
INDIA	addr	modi	moti	train
INDIA	addr	madhu	mata	train
INDIA	addr	mata	modi	train
INDIA	addr	madhu	modi	train
INDIA	addr	gautam	kottayam	train
INDIA	addr	gautam	kadam	train
INDIA	addr	kadam	kottayam	train
INDIA	addr	buddha	peth	train
INDIA	addr	buddha	path	train
INDIA	addr	beed	buddha	train
INDIA	addr	path	peth	train
INDIA	addr	budh	peth	train
INDIA	addr	beed	peth	train
INDIA	addr	budh	path	train
INDIA	addr	beed	path	train
INDIA	addr	beed	budh	train
INDIA	addr	nadu	noida	train
INDIA	addr	nadu	nath	train
INDIA	addr	nadia	nadu	train
INDIA	addr	nath	noida	train
INDIA	addr	nadia	noida	train
INDIA	addr	naidu	noida	train
INDIA	addr	nadia	nath	train
INDIA	addr	naidu	nath	train
INDIA	addr	nadia	naidu	train
INDIA	addr	wasti	west	train
INDIA	addr	vista	wasti	train
INDIA	addr	bengal	bunglow	train
INDIA	addr	bengal	panchkula	train
INDIA	addr	bengal	bungalow	train
INDIA	addr	bunglow	panchkula	train
INDIA	addr	bungalow	panchkula	train
INDIA	addr	radhika	ridge	train
INDIA	addr	swati	sweet	train
INDIA	addr	layout	lodha	train
INDIA	addr	late	layout	train
INDIA	addr	lado	layout	train
INDIA	addr	late	lodha	train
INDIA	addr	lado	lodha	train
INDIA	addr	lado	late	train
INDIA	addr	main	mini	train
INDIA	addr	main	meena	train
INDIA	addr	mani	mini	train
INDIA	addr	mani	meena	train
INDIA	addr	meena	mini	train
INDIA	addr	course	cross	train
INDIA	addr	chorasi	cross	train
INDIA	addr	chorasi	course	train
INDIA	addr	site	south	train
INDIA	addr	south	suite	train
INDIA	addr	side	site	train
INDIA	addr	shed	side	train
INDIA	addr	side	suite	train
INDIA	addr	shed	site	train
INDIA	addr	shed	suite	train
INDIA	addr	dairy	tower	train
INDIA	addr	tara	tower	train
INDIA	addr	dhar	tower	train
INDIA	addr	dairy	tara	train
INDIA	addr	dairy	dhar	train
INDIA	addr	dhar	tara	train
INDIA	addr	hisar	hosur	train
INDIA	addr	hissar	hosur	train
INDIA	addr	vinayak	wing	train
INDIA	addr	vinayaka	wing	train
INDIA	addr	vasai	vashi	train
INDIA	addr	vasai	vesu	train
INDIA	addr	vashi	vesu	train
INDIA	addr	thane	town	train
INDIA	addr	thana	thane	train
INDIA	addr	dhani	thane	train
INDIA	addr	thane	theni	train
INDIA	addr	thana	town	train
INDIA	addr	dhani	town	train
INDIA	addr	theni	town	train
INDIA	addr	dhani	thana	train
INDIA	addr	thana	theni	train
INDIA	addr	dhani	theni	train
INDIA	addr	beside	post	train
INDIA	addr	basti	post	train
INDIA	addr	best	post	train
INDIA	addr	basti	beside	train
INDIA	addr	beside	best	train
INDIA	addr	basti	best	train
INDIA	addr	pura	puri	train
INDIA	addr	para	puri	train
INDIA	addr	power	puri	train
INDIA	addr	bari	puri	train
INDIA	addr	para	pura	train
INDIA	addr	power	pura	train
INDIA	addr	bari	pura	train
INDIA	addr	para	power	train
INDIA	addr	bari	para	train
INDIA	addr	bari	power	train
INDIA	addr	peenya	pune	train
INDIA	addr	panna	pune	train
INDIA	addr	bani	pune	train
INDIA	addr	peenya	poona	train
INDIA	addr	panna	poona	train
INDIA	addr	bani	poona	train
INDIA	addr	panna	peenya	train
INDIA	addr	bani	peenya	train
INDIA	addr	bani	panna	train
INDIA	addr	chetty	city	train
INDIA	addr	board	part	train
INDIA	addr	baroda	part	train
INDIA	addr	part	pride	train
INDIA	addr	part	preet	train
INDIA	addr	baroda	board	train
INDIA	addr	board	pride	train
INDIA	addr	board	preet	train
INDIA	addr	baroda	pride	train
INDIA	addr	baroda	preet	train
INDIA	addr	preet	pride	train
INDIA	addr	mahalakshmi	mahalaxmi	train
INDIA	addr	indira	indore	train
INDIA	addr	indore	indra	train
INDIA	addr	centre	chandra	train
INDIA	addr	centre	country	train
INDIA	addr	centre	chander	train
INDIA	addr	center	chandra	train
INDIA	addr	center	country	train
INDIA	addr	center	chander	train
INDIA	addr	chandra	country	train
INDIA	addr	chander	chandra	train
INDIA	addr	chander	country	train
INDIA	addr	sharma	showroom	train
INDIA	addr	fire	free	train
INDIA	addr	fire	foor	train
INDIA	addr	foor	free	train
INDIA	addr	ganj	kunj	train
INDIA	addr	maruti	meerut	train
INDIA	addr	maruthi	meerut	train
INDIA	addr	mart	meerut	train
INDIA	addr	meerut	murti	train
INDIA	addr	mart	maruti	train
INDIA	addr	maruti	murti	train
INDIA	addr	mart	maruthi	train
INDIA	addr	maruthi	murti	train
INDIA	addr	mart	murti	train
INDIA	addr	mandal	mondal	train
INDIA	addr	hissa	house	train
INDIA	addr	rajeev	rajiv	train
INDIA	addr	haji	hauz	train
INDIA	addr	kachchh	kochi	train
INDIA	addr	bihar	pahari	train
INDIA	addr	bihar	pahar	train
INDIA	addr	bihara	pahari	train
INDIA	addr	bihara	pahar	train
INDIA	addr	bihara	bihari	train
INDIA	addr	bihari	pahari	train
INDIA	addr	bihari	pahar	train
INDIA	addr	anand	anant	train
INDIA	addr	ananda	anant	train
INDIA	addr	garden	gardenia	train
INDIA	addr	area	arya	train
INDIA	addr	aarey	area	train
INDIA	addr	aarey	arya	train
INDIA	addr	nava	navi	train
INDIA	addr	patel	patil	train
INDIA	addr	patel	patiala	train
INDIA	addr	patiala	patil	train
INDIA	addr	bose	pass	train
INDIA	addr	basai	pass	train
INDIA	addr	basu	pass	train
INDIA	addr	pass	pusa	train
INDIA	addr	basai	bose	train
INDIA	addr	basu	bose	train
INDIA	addr	bose	pusa	train
INDIA	addr	basai	basu	train
INDIA	addr	basai	pusa	train
INDIA	addr	basu	pusa	train
INDIA	addr	burari	periyar	train
INDIA	addr	burari	porur	train
INDIA	addr	periyar	porur	train
INDIA	addr	parekh	park	train
INDIA	addr	arcade	arcot	train
INDIA	addr	arcade	arcadia	train
INDIA	addr	arcadia	arcot	train
INDIA	addr	chennai	chinna	train
INDIA	addr	feet	phata	train
INDIA	addr	jain	zone	train
INDIA	addr	panjab	punjabi	train
INDIA	addr	panjaba	punjabi	train
INDIA	addr	back	bagh	train
INDIA	addr	bagh	baug	train
INDIA	addr	bagh	paiki	train
INDIA	addr	back	baug	train
INDIA	addr	back	paiki	train
INDIA	addr	baug	paiki	train
INDIA	addr	build	plot	train
INDIA	addr	paldi	polt	train
INDIA	addr	paldi	plto	train
INDIA	addr	build	paldi	train
INDIA	addr	plto	polt	train
INDIA	addr	build	polt	train
INDIA	addr	build	plto	train
INDIA	addr	gala	gali	train
INDIA	addr	gali	koil	train
INDIA	addr	gali	kala	train
INDIA	addr	gala	koil	train
INDIA	addr	gala	galli	train
INDIA	addr	gala	kala	train
INDIA	addr	galli	koil	train
INDIA	addr	kala	koil	train
INDIA	addr	galli	kala	train
INDIA	addr	sadar	satara	train
INDIA	addr	sadar	star	train
INDIA	addr	sadar	store	train
INDIA	addr	satara	star	train
INDIA	addr	satara	store	train
INDIA	addr	star	store	train
INDIA	addr	goregaon	gurgaon	train
INDIA	addr	gurgaon	koregaon	train
INDIA	addr	girgaon	gurgaon	train
INDIA	addr	goregaon	koregaon	train
INDIA	addr	girgaon	goregaon	train
INDIA	addr	girgaon	koregaon	train
INDIA	addr	kewal	kovil	train
INDIA	addr	dilli	tola	train
INDIA	addr	dhule	dilli	train
INDIA	addr	dilli	toll	train
INDIA	addr	dhule	tola	train
INDIA	addr	dayal	tola	train
INDIA	addr	tola	toll	train
INDIA	addr	dayal	dhule	train
INDIA	addr	dhule	toll	train
INDIA	addr	dayal	toll	train
INDIA	addr	rama	room	train
INDIA	addr	mala	mall	train
INDIA	addr	mall	mile	train
INDIA	addr	mala	mill	train
INDIA	addr	mile	mill	train
INDIA	addr	mala	mile	train
INDIA	addr	girwa	karve	train
INDIA	addr	gaurav	girwa	train
INDIA	addr	gaurav	karve	train
INDIA	addr	cantt	chand	train
INDIA	addr	chand	county	train
INDIA	addr	cantt	county	train
INDIA	addr	cantt	chanda	train
INDIA	addr	cantt	chandi	train
INDIA	addr	chanda	county	train
INDIA	addr	chandi	county	train
INDIA	addr	chanda	chandi	train
INDIA	addr	grand	ground	train
INDIA	addr	grant	ground	train
INDIA	addr	ground	kranti	train
INDIA	addr	grande	ground	train
INDIA	addr	grand	grant	train
INDIA	addr	grand	kranti	train
INDIA	addr	grant	kranti	train
INDIA	addr	grande	grant	train
INDIA	addr	grande	kranti	train
INDIA	addr	guru	khar	train
INDIA	addr	gaur	guru	train
INDIA	addr	guru	khera	train
INDIA	addr	guru	kheri	train
INDIA	addr	gaur	khar	train
INDIA	addr	khar	khera	train
INDIA	addr	khar	kheri	train
INDIA	addr	gaur	khera	train
INDIA	addr	gaur	kheri	train
INDIA	addr	khera	kheri	train
INDIA	addr	green	kiran	train
INDIA	addr	green	karan	train
INDIA	addr	grain	green	train
INDIA	addr	karan	kiran	train
INDIA	addr	grain	kiran	train
INDIA	addr	grain	karan	train
INDIA	addr	marg	mark	train
INDIA	addr	lakshmi	laxmi	train
INDIA	addr	naga	naka	train
INDIA	addr	naka	nayak	train
INDIA	addr	naga	nayak	train
INDIA	addr	siddharth	street	train
INDIA	addr	anna	annie	train
INDIA	addr	budaun	patna	train
INDIA	addr	bidhan	patna	train
INDIA	addr	budaun	patan	train
INDIA	addr	bidhan	patan	train
INDIA	addr	bidhan	budaun	train
INDIA	addr	hobli	hubli	train
INDIA	addr	hebbal	hobli	train
INDIA	addr	hebbal	hubli	train
INDIA	addr	amar	amer	train
INDIA	addr	mandir	mantri	train
INDIA	addr	gaon	khan	train
INDIA	addr	gyan	khan	train
INDIA	addr	khan	kuan	train
INDIA	addr	gaon	gyan	train
INDIA	addr	gaon	khana	train
INDIA	addr	gaon	kuan	train
INDIA	addr	gyan	khana	train
INDIA	addr	gyan	kuan	train
INDIA	addr	khana	kuan	train
INDIA	addr	ganga	king	train
INDIA	addr	taluka	tilak	train
INDIA	addr	taluk	tilak	train
INDIA	addr	iiird	yard	train
INDIA	addr	baramati	pramod	train
INDIA	addr	karnal	kurnool	train
INDIA	addr	pally	pole	train
INDIA	addr	pally	palya	train
INDIA	addr	pali	pally	train
INDIA	addr	blue	pally	train
INDIA	addr	palya	pole	train
INDIA	addr	pali	pole	train
INDIA	addr	blue	pole	train
INDIA	addr	pali	palya	train
INDIA	addr	blue	palya	train
INDIA	addr	blue	pali	train
INDIA	addr	milk	mullick	train
INDIA	addr	lane	line	train
INDIA	addr	lane	loni	train
INDIA	addr	line	loni	train
INDIA	addr	himatnagar	himayathnagar	train
INDIA	addr	khasra	kishore	train
INDIA	addr	khasra	kishor	train
INDIA	addr	manish	mansa	train
INDIA	addr	manas	manish	train
INDIA	addr	manas	mansa	train
INDIA	addr	mayur	mira	train
INDIA	addr	mayur	more	train
INDIA	addr	mayur	meera	train
INDIA	addr	maurya	mayur	train
INDIA	addr	mira	more	train
INDIA	addr	meera	mira	train
INDIA	addr	maurya	mira	train
INDIA	addr	meera	more	train
INDIA	addr	maurya	more	train
INDIA	addr	maurya	meera	train
INDIA	addr	balaji	plaza	train
INDIA	addr	sagar	square	train
INDIA	addr	sikar	square	train
INDIA	addr	sagar	sikar	train
INDIA	addr	jaitpur	jodhpur	train
INDIA	addr	portion	pradhan	train
INDIA	addr	vasna	vishnu	train
INDIA	addr	sect	society	train
INDIA	addr	iind	indu	train
INDIA	addr	fields	flats	train
INDIA	addr	abids	apts	train
INDIA	addr	abids	appts	train
INDIA	addr	ward	wardha	train
INDIA	addr	virat	ward	train
INDIA	addr	virat	wardha	train
INDIA	addr	mohali	mohalla	train
INDIA	addr	mahal	mohali	train
INDIA	addr	mahal	mohalla	train
INDIA	addr	sawai	shiv	train
INDIA	addr	seva	shiv	train
INDIA	addr	sawai	shiva	train
INDIA	addr	seva	shiva	train
INDIA	addr	sawai	seva	train
INDIA	addr	shree	shri	train
INDIA	addr	shri	surya	train
INDIA	addr	sarai	shri	train
INDIA	addr	seri	shri	train
INDIA	addr	shree	surya	train
INDIA	addr	sarai	shree	train
INDIA	addr	seri	shree	train
INDIA	addr	sarai	surya	train
INDIA	addr	seri	surya	train
INDIA	addr	sarai	seri	train
INDIA	addr	khordha	khurd	train
INDIA	addr	khordha	kirti	train
INDIA	addr	kharadi	khordha	train
INDIA	addr	gird	khordha	train
INDIA	addr	khurd	kirti	train
INDIA	addr	kharadi	khurd	train
INDIA	addr	gird	khurd	train
INDIA	addr	kharadi	kirti	train
INDIA	addr	gird	kirti	train
INDIA	addr	gird	kharadi	train
INDIA	addr	calcutta	calicut	train
INDIA	addr	nizamabad	nizampet	train
INDIA	addr	naroda	north	train
INDIA	addr	amrit	amrut	train
INDIA	addr	bhagat	pocket	train
INDIA	addr	bhakti	pocket	train
INDIA	addr	bhagat	bhakti	train
INDIA	addr	purani	purnia	train
INDIA	addr	purani	purna	train
INDIA	addr	ganesh	queens	train
INDIA	addr	tank	tonk	train
INDIA	addr	dharam	dream	train
INDIA	addr	sion	sunny	train
INDIA	addr	sion	soni	train
INDIA	addr	saini	sion	train
INDIA	addr	sion	syno	train
INDIA	addr	soni	sunny	train
INDIA	addr	saini	sunny	train
INDIA	addr	sunny	syno	train
INDIA	addr	saini	soni	train
INDIA	addr	soni	syno	train
INDIA	addr	saini	syno	train
INDIA	addr	neel	null	train
INDIA	addr	nala	null	train
INDIA	addr	neel	nilaya	train
INDIA	addr	nala	nilaya	train
INDIA	addr	nala	neel	train
INDIA	addr	govt	khewat	train
INDIA	addr	sarita	surat	train
INDIA	addr	sharda	surat	train
INDIA	addr	sarat	surat	train
INDIA	addr	sarita	sharda	train
INDIA	addr	sarat	sarita	train
INDIA	addr	sarat	sharda	train
INDIA	addr	saket	shakti	train
INDIA	addr	sakthi	shakti	train
INDIA	addr	saket	sakthi	train
INDIA	addr	saket	shakthi	train
INDIA	addr	tardeo	trade	train
INDIA	addr	ranga	ring	train
INDIA	addr	satyam	sudama	train
INDIA	addr	samarth	smruti	train
INDIA	addr	vidya	wadi	train
INDIA	addr	wadi	wood	train
INDIA	addr	veedu	wadi	train
INDIA	addr	vidya	wood	train
INDIA	addr	veedu	vidya	train
INDIA	addr	veedu	wood	train
INDIA	addr	nanda	nandi	train
INDIA	addr	canara	chinar	train
INDIA	addr	bank	panki	train
INDIA	addr	bank	bunk	train
INDIA	addr	bunk	panki	train
INDIA	addr	madanpur	midnapore	train
INDIA	addr	madanpur	medinipur	train
INDIA	addr	medinipur	midnapur	train
INDIA	addr	madanpur	midnapur	train
INDIA	addr	head	huda	train
INDIA	addr	hata	huda	train
INDIA	addr	hata	head	train
INDIA	addr	deccan	techno	train
INDIA	addr	bareilly	parle	train
INDIA	addr	bareilly	parel	train
INDIA	addr	bareilly	pearl	train
INDIA	addr	bareilly	bareli	train
INDIA	addr	parle	pearl	train
INDIA	addr	bareli	parle	train
INDIA	addr	parel	pearl	train
INDIA	addr	bareli	parel	train
INDIA	addr	bareli	pearl	train
INDIA	addr	sahid	shaheed	train
INDIA	addr	shaheed	shahid	train
INDIA	addr	rail	royal	train
INDIA	addr	rail	royale	train
INDIA	addr	prem	puram	train
INDIA	addr	prime	puram	train
INDIA	addr	prem	prime	train
INDIA	addr	george	khirki	train
INDIA	addr	garage	george	train
INDIA	addr	garage	khirki	train
INDIA	addr	race	riico	train
INDIA	addr	rice	riico	train
INDIA	addr	race	rice	train
INDIA	addr	nahar	nehru	train
INDIA	addr	bhai	powai	train
INDIA	addr	gate	kota	train
INDIA	addr	gate	khata	train
INDIA	addr	gate	khed	train
INDIA	addr	gate	kothi	train
INDIA	addr	khata	kota	train
INDIA	addr	khed	kota	train
INDIA	addr	kota	kothi	train
INDIA	addr	khata	khed	train
INDIA	addr	khata	kothi	train
INDIA	addr	khed	kothi	train
INDIA	addr	rajendra	rajinder	train
INDIA	addr	bandra	bunder	train
INDIA	addr	bandra	bhayander	train
INDIA	addr	bandra	bhayandar	train
INDIA	addr	bhayander	bunder	train
INDIA	addr	bhandara	bunder	train
INDIA	addr	bhayandar	bunder	train
INDIA	addr	bhandara	bhayander	train
INDIA	addr	bhandara	bhayandar	train
INDIA	addr	hare	hari	train
INDIA	addr	hari	heera	train
INDIA	addr	hari	hira	train
INDIA	addr	hare	heera	train
INDIA	addr	hare	hira	train
INDIA	addr	heera	hira	train
INDIA	addr	chak	chowk	train
INDIA	addr	chak	chowki	train
INDIA	addr	club	colaba	train
INDIA	addr	salai	sola	train
INDIA	addr	salai	shil	train
INDIA	addr	shil	sola	train
INDIA	addr	hazra	huzur	train
INDIA	addr	gokul	khagaul	train
INDIA	addr	gokhale	gokul	train
INDIA	addr	gokhale	khagaul	train
INDIA	addr	rishi	rose	train
INDIA	addr	resi	rose	train
INDIA	addr	resi	rishi	train
INDIA	addr	ghazipur	khajpura	train
INDIA	addr	gazipur	khajpura	train
INDIA	addr	galleria	kolar	train
INDIA	addr	kaloor	kolar	train
INDIA	addr	glory	kolar	train
INDIA	addr	galleria	kaloor	train
INDIA	addr	galleria	glory	train
INDIA	addr	glory	kaloor	train
INDIA	addr	sainik	singh	train
INDIA	addr	field	flat	train
INDIA	addr	falt	field	train
INDIA	addr	devi	divya	train
INDIA	addr	gayatri	katra	train
INDIA	addr	gayatri	kutir	train
INDIA	addr	gayatri	gotri	train
INDIA	addr	katra	kutir	train
INDIA	addr	gotri	katra	train
INDIA	addr	gayathri	katra	train
INDIA	addr	gotri	kutir	train
INDIA	addr	gayathri	kutir	train
INDIA	addr	gayathri	gotri	train
INDIA	addr	chamber	chembur	train
INDIA	addr	sundar	sunder	train
INDIA	addr	madurai	metro	train
INDIA	addr	madurai	mathura	train
INDIA	addr	madurai	mitra	train
INDIA	addr	madhura	madurai	train
INDIA	addr	mathura	metro	train
INDIA	addr	metro	mitra	train
INDIA	addr	madhura	metro	train
INDIA	addr	mathura	mitra	train
INDIA	addr	madhura	mathura	train
INDIA	addr	madhura	mitra	train
INDIA	addr	palam	palayam	train
INDIA	addr	palam	palem	train
INDIA	addr	palayam	palm	train
INDIA	addr	palayam	palem	train
INDIA	addr	kalina	kalyan	train
INDIA	addr	kalan	kalyani	train
INDIA	addr	kalan	kalina	train
INDIA	addr	kalina	kalyani	train
INDIA	addr	raigad	right	train
INDIA	addr	datta	tata	train
INDIA	addr	dutta	tata	train
INDIA	addr	dutt	tata	train
INDIA	addr	dada	tata	train
INDIA	addr	datta	dutta	train
INDIA	addr	datta	dutt	train
INDIA	addr	dada	datta	train
INDIA	addr	dada	dutta	train
INDIA	addr	dada	dutt	train
INDIA	addr	mishra	mysore	train
INDIA	addr	mishra	mysuru	train
INDIA	addr	guntur	kendra	train
INDIA	addr	guntur	kendriya	train
INDIA	addr	kendra	kendriya	train
INDIA	addr	girish	krishi	train
INDIA	addr	ghosh	khas	train
INDIA	addr	kashi	khas	train
INDIA	addr	ghosh	kashi	train
INDIA	addr	sirsa	suresh	train
INDIA	addr	sirsa	sirsi	train
INDIA	addr	shreyas	sirsa	train
INDIA	addr	sirsi	suresh	train
INDIA	addr	shreyas	suresh	train
INDIA	addr	shreyas	sirsi	train
INDIA	addr	oberoi	opera	train
INDIA	addr	saheb	sahib	train
INDIA	addr	ambala	ambli	train
INDIA	addr	bhavan	bhawan	train
INDIA	addr	bhavan	bhiwani	train
INDIA	addr	bawana	bhavan	train
INDIA	addr	bhavani	bhawan	train
INDIA	addr	bhawan	bhiwani	train
INDIA	addr	bawana	bhawan	train
INDIA	addr	bhavani	bhiwani	train
INDIA	addr	bawana	bhavani	train
INDIA	addr	bawana	bhiwani	train
INDIA	addr	basant	besant	train
INDIA	addr	group	krupa	train
INDIA	addr	kripa	krupa	train
INDIA	addr	group	kripa	train
INDIA	addr	sant	shanti	train
INDIA	addr	shanti	sindhi	train
INDIA	addr	sant	shanthi	train
INDIA	addr	sant	sindhi	train
INDIA	addr	shanthi	sindhi	train
INDIA	addr	kabir	kapra	train
INDIA	addr	kabir	kopar	train
INDIA	addr	kapra	kopar	train
INDIA	addr	saidabad	saidapet	train
INDIA	addr	gateway	kidwai	train
INDIA	addr	sangli	sankul	train
INDIA	addr	narsingi	nursing	train
INDIA	addr	nagla	nagole	train
INDIA	addr	collage	college	train
INDIA	addr	raja	raju	train
INDIA	addr	rana	rani	train
INDIA	addr	chandan	chandni	train
INDIA	addr	barasat	prasad	train
INDIA	addr	mittal	model	train
INDIA	addr	middle	model	train
INDIA	addr	model	module	train
INDIA	addr	middle	mittal	train
INDIA	addr	mittal	module	train
INDIA	addr	middle	module	train
INDIA	addr	rajapur	rajpura	train
INDIA	addr	buldhana	plotno	train
INDIA	addr	buldhana	platina	train
INDIA	addr	platina	plotno	train
INDIA	addr	vari	veer	train
INDIA	addr	vari	veera	train
INDIA	addr	ajit	azad	train
INDIA	addr	bellary	pillar	train
INDIA	addr	gomti	kamothe	train
INDIA	addr	dass	desai	train
INDIA	addr	dausa	desai	train
INDIA	addr	dass	dausa	train
INDIA	addr	govandi	govind	train
INDIA	addr	palasia	plus	train
INDIA	addr	saha	shah	train
INDIA	addr	sahi	shah	train
INDIA	addr	sahu	shah	train
INDIA	addr	saha	sahi	train
INDIA	addr	saha	sahu	train
INDIA	addr	sahi	sahu	train
INDIA	addr	gopal	kapil	train
INDIA	addr	char	churu	train
INDIA	addr	janak	janki	train
INDIA	addr	salt	sillod	train
INDIA	addr	vaishali	vishal	train
INDIA	addr	madras	motors	train
INDIA	addr	naini	nana	train
INDIA	addr	gorakhpur	kharagpur	train
INDIA	addr	nivas	niwas	train
INDIA	addr	kaithal	kotla	train
INDIA	addr	abul	apollo	train
INDIA	addr	neelam	nilayam	train
INDIA	addr	medchal	medical	train
INDIA	addr	signature	sikandra	train
INDIA	addr	gram	karim	train
INDIA	addr	grama	karim	train
INDIA	addr	mahaveer	mahavir	train
INDIA	addr	manjeera	manjeri	train
INDIA	addr	saki	shaikh	train
INDIA	addr	saki	sheikh	train
INDIA	addr	shaikh	sheikh	train
INDIA	addr	vittal	wadala	train
INDIA	addr	ahmad	ahmed	train
INDIA	addr	chaitanya	cotton	train
INDIA	addr	sama	shyam	train
INDIA	addr	sama	sham	train
INDIA	addr	vadodara	vidhyadhar	train
INDIA	addr	naraina	narayan	train
INDIA	addr	nalgonda	neelkanth	train
INDIA	addr	nallakunta	neelkanth	train
INDIA	addr	nalgonda	nallakunta	train
INDIA	addr	godrej	katraj	train
INDIA	addr	farm	pharma	train
INDIA	addr	chapra	cyber	train
INDIA	addr	begur	pukur	train
INDIA	addr	charan	crown	train
INDIA	addr	raghunath	regent	train
INDIA	addr	mehta	mhada	train
INDIA	addr	mhada	mohd	train
INDIA	addr	mehta	mohd	train
INDIA	addr	dadar	dadri	train
INDIA	addr	dadri	theatre	train
INDIA	addr	dadri	theater	train
INDIA	addr	dadar	theatre	train
INDIA	addr	dadar	theater	train
INDIA	addr	theater	theatre	train
INDIA	addr	subash	subhas	train
INDIA	addr	shaheen	sohna	train
INDIA	addr	harbour	hrbr	train
INDIA	addr	raisen	roshan	train
INDIA	addr	madhapur	madhopur	train
INDIA	addr	prop	purba	train
INDIA	addr	prabhu	prop	train
INDIA	addr	prabhu	purba	train
INDIA	addr	kakinada	kakkanad	train
INDIA	addr	baner	ponneri	train
INDIA	addr	shivam	swami	train
INDIA	addr	swami	swamy	train
INDIA	addr	shivam	swamy	train
INDIA	addr	janta	jind	train
INDIA	addr	janatha	janta	train
INDIA	addr	janta	jntu	train
INDIA	addr	janatha	jind	train
INDIA	addr	jind	jntu	train
INDIA	addr	janatha	jntu	train
INDIA	addr	jail	jolly	train
INDIA	addr	sadan	stone	train
INDIA	addr	sadan	satna	train
INDIA	addr	satna	stone	train
INDIA	addr	malabar	mylapore	train
INDIA	addr	hall	hill	train
INDIA	addr	halli	hill	train
INDIA	addr	mandi	mount	train
INDIA	addr	mandi	mind	train
INDIA	addr	mind	mount	train
INDIA	addr	nariman	nirman	train
INDIA	addr	pandey	point	train
INDIA	addr	banda	point	train
INDIA	addr	banda	pandey	train
INDIA	addr	mayapuri	miyapur	train
INDIA	addr	chittoor	choudhary	train
INDIA	addr	chaudhary	chittoor	train
INDIA	addr	barmer	primary	train
INDIA	addr	thomas	times	train
INDIA	addr	bhosari	bhusari	train
INDIA	addr	janakpuri	jangpura	train
INDIA	addr	baba	babu	train
INDIA	addr	baba	bapu	train
INDIA	addr	baba	pipe	train
INDIA	addr	babu	bapu	train
INDIA	addr	babu	pipe	train
INDIA	addr	bapu	pipe	train
INDIA	addr	jagir	zakir	train
INDIA	addr	khandwa	kondhwa	train
INDIA	addr	bhojpur	bijapur	train
INDIA	addr	appt	aptt	train
INDIA	addr	mahendra	mahindra	train
INDIA	addr	tagore	thakur	train
INDIA	addr	bhuj	pooja	train
INDIA	addr	camp	comp	train
INDIA	addr	brigade	pragati	train
INDIA	addr	brigade	pragathi	train
INDIA	addr	earth	erode	train
INDIA	addr	cottage	cuttack	train
INDIA	addr	shreeji	suraj	train
INDIA	addr	saroj	suraj	train
INDIA	addr	saroj	shreeji	train
INDIA	addr	ganapathy	ganpati	train
INDIA	addr	padma	pitam	train
INDIA	addr	jalaun	jalna	train
INDIA	addr	chakala	chikhali	train
INDIA	addr	kasna	kishan	train
INDIA	addr	deep	type	train
INDIA	addr	deep	dhobi	train
INDIA	addr	dhobi	type	train
INDIA	addr	senapati	sonipat	train
INDIA	addr	sanpada	sonipat	train
INDIA	addr	senapati	sonepat	train
INDIA	addr	sanpada	senapati	train
INDIA	addr	sanpada	sonepat	train
INDIA	addr	chengalpattu	chinglepet	train
INDIA	addr	danapur	dinapur	train
INDIA	addr	narela	nerul	train
INDIA	addr	nerul	nirala	train
INDIA	addr	narela	nirala	train
INDIA	addr	veena	vinay	train
INDIA	addr	marve	morvi	train
INDIA	addr	marine	morena	train
INDIA	addr	spaze	subzi	train
INDIA	addr	udhna	udyan	train
INDIA	addr	harijan	horizon	train
INDIA	addr	ravi	rewa	train
INDIA	addr	vinod	wayanad	train
INDIA	addr	avas	awas	train
INDIA	addr	agarwal	agrawal	train
INDIA	addr	aggarwal	agrawal	train
INDIA	addr	dham	time	train
INDIA	addr	mills	mulshi	train
INDIA	addr	mandvi	mundhwa	train
INDIA	addr	sinha	sneh	train
INDIA	addr	anekal	angul	train
INDIA	addr	bangur	bankura	train
INDIA	addr	nangal	nangloi	train
INDIA	addr	branch	prince	train
INDIA	addr	sodala	steel	train
INDIA	addr	sarjapur	surajpur	train
INDIA	addr	sarjapura	surajpur	train
INDIA	addr	gangapur	kanakapura	train
INDIA	addr	aura	auraiya	train
INDIA	addr	samne	suman	train
INDIA	addr	amethi	amit	train
INDIA	addr	panchavati	panchwati	train
INDIA	addr	maharana	maharani	train
INDIA	addr	ranjeet	ranjit	train
INDIA	addr	hassan	hossain	train
INDIA	addr	lodge	lodhika	train
INDIA	addr	purva	purwa	train
INDIA	addr	magri	maker	train
INDIA	addr	maker	mogra	train
INDIA	addr	magri	mogra	train
INDIA	addr	poddar	pudur	train
INDIA	addr	padra	poddar	train
INDIA	addr	bidar	poddar	train
INDIA	addr	padra	pudur	train
INDIA	addr	bidar	pudur	train
INDIA	addr	bidar	padra	train
INDIA	addr	ashiana	asian	train
INDIA	addr	ashiyana	asian	train
INDIA	addr	cama	comm	train
INDIA	addr	paras	press	train
INDIA	addr	saroor	shirur	train
INDIA	addr	fatak	phatak	train
INDIA	addr	deonar	dhanori	train
INDIA	addr	divine	twin	train
INDIA	addr	state	studio	train
INDIA	addr	janapriya	jaunpur	train
INDIA	addr	terrace	trichy	train
INDIA	addr	vadgaon	wadgaon	train
INDIA	addr	roop	ruby	train
INDIA	addr	vidisha	woods	train
INDIA	addr	talab	tulip	train
INDIA	addr	dilip	tulip	train
INDIA	addr	dilip	talab	train
INDIA	addr	rakesh	regus	train
INDIA	addr	wagholi	wagle	train
INDIA	addr	karur	kharar	train
INDIA	addr	kamaraj	kamrej	train
INDIA	addr	bearing	boring	train
INDIA	addr	kaveri	kavuri	train
INDIA	addr	raebareli	raibareilly	train
FRANCE	name	jean	jeanne	jev
FRANCE	name	baule	paul	jev
FRANCE	addr	louis	louise	jev
FRANCE	addr	amand	armand	jev
FRANCE	addr	lebon	leon	jev
FRANCE	addr	latte	lattre	jev
FRANCE	addr	berteaux	bordeaux	jev
FRANCE	addr	baule	paul	jev
FRANCE	addr	baule	pyla	jev
FRANCE	addr	baule	boileau	jev
FRANCE	addr	boileau	paul	jev
FRANCE	addr	ferret	fort	jev
FRANCE	addr	ferret	foret	jev
FRANCE	addr	marcel	marechal	jev
FRANCE	addr	cour	curie	jev
FRANCE	addr	caire	cour	jev
FRANCE	addr	caire	curie	jev
FRANCE	addr	victoire	victor	jev
FRANCE	addr	jean	jeanne	jev
FRANCE	addr	jean	juin	jev
FRANCE	addr	jeanne	juin	jev
FRANCE	addr	marc	maurice	jev
FRANCE	addr	marceau	maurice	jev
FRANCE	addr	marche	maurice	jev
FRANCE	addr	marc	marceau	jev
FRANCE	addr	marc	marche	jev
FRANCE	addr	marceau	marche	jev
FRANCE	addr	faure	ferry	jev
FRANCE	addr	bart	bert	jev
FRANCE	addr	barthou	bert	jev
FRANCE	addr	henri	honore	jev
FRANCE	addr	henry	honore	jev
FRANCE	addr	mollien	moulin	jev
FRANCE	addr	ferrer	frere	jev
FRANCE	addr	brion	brun	jev
FRANCE	addr	bremontier	parmentier	jev
FRANCE	addr	lannoy	leon	jev
FRANCE	addr	leon	lyon	jev
FRANCE	addr	leon	linne	jev
FRANCE	addr	lannoy	lyon	jev
FRANCE	addr	lannoy	linne	jev
FRANCE	addr	linne	lyon	jev
FRANCE	addr	joliot	juillet	jev
FRANCE	addr	ares	arras	jev
FRANCE	addr	pablo	puebla	jev
FRANCE	addr	bellamy	blum	jev
FRANCE	addr	marie	mauroy	jev
FRANCE	addr	artois	arts	jev
FRANCE	addr	joffre	jouffroy	jev
FRANCE	addr	braille	brule	jev
